IdHorario,IdClase,IdEntrenador,Inicio,Fin,Ubicacion
1,651,47,2026-07-05T07:52:43.125Z,2026-07-05T08:52:43.125Z,Sala 4
2,59,78,2026-01-19T07:12:30.151Z,2026-01-19T08:12:30.151Z,Sala 10
3,940,28,2026-05-26T20:34:55.443Z,2026-05-26T21:34:55.443Z,Sala 1
4,351,60,2026-05-28T07:49:54.669Z,2026-05-28T08:49:54.669Z,Sala 4
5,143,74,2025-12-30T17:56:16.038Z,2025-12-30T18:56:16.038Z,Sala 10
6,436,53,2026-05-13T22:18:50.247Z,2026-05-13T23:18:50.247Z,Sala 1
7,706,61,2026-10-21T15:28:01.750Z,2026-10-21T16:28:01.750Z,Sala 1
8,936,13,2026-02-12T22:20:11.742Z,2026-02-12T23:20:11.742Z,Sala 9
9,671,81,2026-07-04T15:24:14.426Z,2026-07-04T16:24:14.426Z,Sala 6
10,5,40,2026-03-17T04:13:32.329Z,2026-03-17T05:13:32.329Z,Sala 4
11,279,61,2026-10-13T02:26:29.776Z,2026-10-13T03:26:29.776Z,Sala 4
12,2,38,2026-03-18T15:27:30.431Z,2026-03-18T16:27:30.431Z,Sala 1
13,35,31,2026-07-31T00:04:01.129Z,2026-07-31T01:04:01.129Z,Sala 4
14,1000,12,2026-09-09T23:18:15.873Z,2026-09-10T00:18:15.873Z,Sala 10
15,81,74,2026-06-22T04:34:23.777Z,2026-06-22T05:34:23.777Z,Sala 4
16,204,68,2026-06-30T21:32:45.467Z,2026-06-30T22:32:45.467Z,Sala 3
17,170,22,2026-05-29T04:01:44.952Z,2026-05-29T05:01:44.952Z,Sala 7
18,303,8,2026-06-14T19:31:55.518Z,2026-06-14T20:31:55.518Z,Sala 3
19,122,96,2026-08-27T14:45:54.432Z,2026-08-27T15:45:54.432Z,Sala 10
20,763,67,2026-07-13T01:34:47.591Z,2026-07-13T02:34:47.591Z,Sala 5
21,552,46,2025-12-17T07:56:57.357Z,2025-12-17T08:56:57.357Z,Sala 3
22,446,66,2026-05-26T15:43:48.719Z,2026-05-26T16:43:48.719Z,Sala 3
23,104,59,2026-11-14T03:21:39.949Z,2026-11-14T04:21:39.949Z,Sala 6
24,493,32,2026-10-03T15:21:35.101Z,2026-10-03T16:21:35.101Z,Sala 5
25,689,45,2026-04-12T03:31:53.423Z,2026-04-12T04:31:53.423Z,Sala 7
26,953,78,2026-10-02T07:24:26.490Z,2026-10-02T08:24:26.490Z,Sala 4
27,892,85,2026-10-24T15:04:05.048Z,2026-10-24T16:04:05.048Z,Sala 6
28,408,28,2026-05-10T15:39:24.093Z,2026-05-10T16:39:24.093Z,Sala 3
29,908,61,2026-10-16T21:05:01.353Z,2026-10-16T22:05:01.353Z,Sala 4
30,387,100,2025-11-26T20:01:22.165Z,2025-11-26T21:01:22.165Z,Sala 4
31,139,53,2026-09-07T23:48:40.089Z,2026-09-08T00:48:40.089Z,Sala 1
32,833,19,2026-05-10T16:33:57.021Z,2026-05-10T17:33:57.021Z,Sala 2
33,268,33,2026-03-04T22:14:07.669Z,2026-03-04T23:14:07.669Z,Sala 5
34,621,84,2026-07-19T09:01:20.681Z,2026-07-19T10:01:20.681Z,Sala 2
35,326,55,2026-10-03T22:35:44.766Z,2026-10-03T23:35:44.766Z,Sala 1
36,881,20,2026-09-23T06:09:15.599Z,2026-09-23T07:09:15.599Z,Sala 10
37,253,15,2026-08-20T10:47:54.045Z,2026-08-20T11:47:54.045Z,Sala 7
38,39,81,2026-04-06T07:30:01.556Z,2026-04-06T08:30:01.556Z,Sala 2
39,71,48,2026-07-08T18:26:41.910Z,2026-07-08T19:26:41.910Z,Sala 5
40,625,16,2026-03-11T04:20:05.977Z,2026-03-11T05:20:05.977Z,Sala 2
41,442,100,2026-11-18T21:11:57.195Z,2026-11-18T22:11:57.195Z,Sala 8
42,938,13,2026-11-03T21:00:40.807Z,2026-11-03T22:00:40.807Z,Sala 6
43,463,55,2026-10-10T15:47:35.994Z,2026-10-10T16:47:35.994Z,Sala 4
44,294,93,2026-07-18T02:43:57.380Z,2026-07-18T03:43:57.380Z,Sala 4
45,218,59,2026-11-16T16:30:11.077Z,2026-11-16T17:30:11.077Z,Sala 1
46,658,56,2025-12-15T08:18:14.708Z,2025-12-15T09:18:14.708Z,Sala 2
47,240,61,2025-12-16T04:26:13.233Z,2025-12-16T05:26:13.233Z,Sala 9
48,229,35,2026-07-25T17:20:03.660Z,2026-07-25T18:20:03.660Z,Sala 8
49,969,74,2026-07-31T11:48:31.482Z,2026-07-31T12:48:31.482Z,Sala 5
50,266,19,2026-01-06T21:45:42.039Z,2026-01-06T22:45:42.039Z,Sala 6
51,407,37,2026-04-08T15:43:55.371Z,2026-04-08T16:43:55.371Z,Sala 2
52,272,67,2026-01-12T02:42:20.827Z,2026-01-12T03:42:20.827Z,Sala 2
53,724,64,2026-08-29T23:44:32.868Z,2026-08-30T00:44:32.868Z,Sala 3
54,886,33,2026-06-08T15:20:20.104Z,2026-06-08T16:20:20.104Z,Sala 8
55,312,8,2025-11-30T02:35:23.477Z,2025-11-30T03:35:23.477Z,Sala 4
56,358,83,2026-05-13T11:36:24.186Z,2026-05-13T12:36:24.186Z,Sala 5
57,404,9,2026-04-14T05:49:38.976Z,2026-04-14T06:49:38.976Z,Sala 5
58,527,29,2026-01-19T16:58:37.686Z,2026-01-19T17:58:37.686Z,Sala 4
59,386,11,2026-03-26T22:57:43.089Z,2026-03-26T23:57:43.089Z,Sala 4
60,156,29,2026-07-20T01:51:04.697Z,2026-07-20T02:51:04.697Z,Sala 5
61,379,11,2025-12-31T18:52:36.290Z,2025-12-31T19:52:36.290Z,Sala 3
62,401,77,2026-04-25T15:56:40.476Z,2026-04-25T16:56:40.476Z,Sala 4
63,75,77,2025-12-15T00:15:58.550Z,2025-12-15T01:15:58.550Z,Sala 9
64,589,19,2025-12-08T16:52:25.161Z,2025-12-08T17:52:25.161Z,Sala 6
65,960,58,2026-10-11T09:21:49.352Z,2026-10-11T10:21:49.352Z,Sala 5
66,594,54,2026-06-10T14:21:58.079Z,2026-06-10T15:21:58.079Z,Sala 7
67,345,14,2026-06-27T21:59:17.998Z,2026-06-27T22:59:17.998Z,Sala 3
68,839,16,2025-12-31T11:09:03.417Z,2025-12-31T12:09:03.417Z,Sala 1
69,459,60,2026-01-19T18:53:31.413Z,2026-01-19T19:53:31.413Z,Sala 3
70,274,89,2026-09-13T16:36:44.413Z,2026-09-13T17:36:44.413Z,Sala 9
71,160,26,2026-03-19T16:03:33.264Z,2026-03-19T17:03:33.264Z,Sala 5
72,455,25,2026-05-06T06:36:56.774Z,2026-05-06T07:36:56.774Z,Sala 7
73,773,72,2026-02-11T21:40:41.041Z,2026-02-11T22:40:41.041Z,Sala 2
74,217,1,2026-03-07T20:07:39.969Z,2026-03-07T21:07:39.969Z,Sala 6
75,741,61,2025-12-16T23:43:17.044Z,2025-12-17T00:43:17.044Z,Sala 8
76,257,72,2025-12-03T10:05:32.489Z,2025-12-03T11:05:32.489Z,Sala 7
77,462,74,2026-11-18T19:30:54.401Z,2026-11-18T20:30:54.401Z,Sala 4
78,687,39,2026-05-09T02:18:48.755Z,2026-05-09T03:18:48.755Z,Sala 8
79,1,44,2026-07-24T18:40:57.206Z,2026-07-24T19:40:57.206Z,Sala 9
80,481,62,2026-05-24T19:10:55.883Z,2026-05-24T20:10:55.883Z,Sala 9
81,738,31,2025-12-26T11:33:36.075Z,2025-12-26T12:33:36.075Z,Sala 6
82,498,43,2026-05-18T03:24:15.920Z,2026-05-18T04:24:15.920Z,Sala 7
83,291,15,2026-09-04T18:05:20.891Z,2026-09-04T19:05:20.891Z,Sala 5
84,727,25,2026-01-17T00:00:04.186Z,2026-01-17T01:00:04.186Z,Sala 5
85,327,51,2026-08-10T17:17:29.813Z,2026-08-10T18:17:29.813Z,Sala 8
86,853,2,2026-03-01T01:06:21.658Z,2026-03-01T02:06:21.658Z,Sala 9
87,159,22,2026-04-17T11:34:17.000Z,2026-04-17T12:34:17.000Z,Sala 9
88,184,10,2026-07-13T07:02:26.616Z,2026-07-13T08:02:26.616Z,Sala 4
89,939,67,2026-04-30T17:46:50.967Z,2026-04-30T18:46:50.967Z,Sala 1
90,355,29,2026-04-30T04:33:05.545Z,2026-04-30T05:33:05.545Z,Sala 2
91,95,82,2026-06-04T00:01:42.720Z,2026-06-04T01:01:42.720Z,Sala 7
92,317,25,2026-03-03T13:20:08.256Z,2026-03-03T14:20:08.256Z,Sala 1
93,446,31,2026-04-11T06:33:58.644Z,2026-04-11T07:33:58.644Z,Sala 5
94,2,46,2026-05-19T05:00:33.178Z,2026-05-19T06:00:33.178Z,Sala 2
95,284,95,2025-12-31T23:40:33.200Z,2026-01-01T00:40:33.200Z,Sala 9
96,754,51,2026-08-18T20:45:36.068Z,2026-08-18T21:45:36.068Z,Sala 5
97,244,2,2026-05-07T11:35:09.259Z,2026-05-07T12:35:09.259Z,Sala 2
98,914,83,2026-03-10T21:32:27.763Z,2026-03-10T22:32:27.763Z,Sala 3
99,95,42,2025-12-21T01:34:50.415Z,2025-12-21T02:34:50.415Z,Sala 4
100,590,3,2026-04-17T15:19:08.532Z,2026-04-17T16:19:08.532Z,Sala 5
101,643,18,2026-06-22T16:15:09.010Z,2026-06-22T17:15:09.010Z,Sala 6
102,798,66,2026-08-14T02:16:04.245Z,2026-08-14T03:16:04.245Z,Sala 2
103,108,43,2026-10-12T02:25:55.821Z,2026-10-12T03:25:55.821Z,Sala 7
104,112,35,2025-12-02T02:58:36.803Z,2025-12-02T03:58:36.803Z,Sala 1
105,928,61,2026-09-26T05:55:28.306Z,2026-09-26T06:55:28.306Z,Sala 4
106,506,30,2026-01-14T13:00:18.673Z,2026-01-14T14:00:18.673Z,Sala 8
107,61,7,2026-07-21T14:42:55.899Z,2026-07-21T15:42:55.899Z,Sala 10
108,11,93,2026-09-12T20:14:43.007Z,2026-09-12T21:14:43.007Z,Sala 6
109,695,18,2026-01-19T15:23:11.098Z,2026-01-19T16:23:11.098Z,Sala 5
110,676,35,2025-12-29T18:02:35.374Z,2025-12-29T19:02:35.374Z,Sala 7
111,864,66,2026-02-01T11:13:25.122Z,2026-02-01T12:13:25.122Z,Sala 2
112,953,96,2026-06-01T02:59:25.372Z,2026-06-01T03:59:25.372Z,Sala 1
113,188,70,2026-11-16T00:29:44.641Z,2026-11-16T01:29:44.641Z,Sala 2
114,339,95,2025-12-23T05:08:40.305Z,2025-12-23T06:08:40.305Z,Sala 9
115,51,68,2026-02-03T05:17:29.727Z,2026-02-03T06:17:29.727Z,Sala 7
116,830,18,2026-10-20T19:10:19.170Z,2026-10-20T20:10:19.170Z,Sala 6
117,534,52,2026-07-30T03:20:21.688Z,2026-07-30T04:20:21.688Z,Sala 7
118,8,100,2026-03-16T04:56:01.338Z,2026-03-16T05:56:01.338Z,Sala 3
119,285,94,2026-06-14T15:16:38.865Z,2026-06-14T16:16:38.865Z,Sala 7
120,318,57,2026-04-15T10:37:59.159Z,2026-04-15T11:37:59.159Z,Sala 10
121,185,75,2026-08-13T00:08:44.933Z,2026-08-13T01:08:44.933Z,Sala 4
122,870,76,2026-09-23T21:58:51.671Z,2026-09-23T22:58:51.671Z,Sala 9
123,881,88,2026-01-06T22:29:53.579Z,2026-01-06T23:29:53.579Z,Sala 10
124,801,90,2026-11-06T13:36:29.853Z,2026-11-06T14:36:29.853Z,Sala 5
125,64,9,2026-04-08T21:57:11.548Z,2026-04-08T22:57:11.548Z,Sala 4
126,342,34,2025-12-12T04:00:32.799Z,2025-12-12T05:00:32.799Z,Sala 10
127,264,76,2026-06-26T06:14:47.748Z,2026-06-26T07:14:47.748Z,Sala 8
128,889,76,2026-04-08T03:27:50.521Z,2026-04-08T04:27:50.521Z,Sala 4
129,584,39,2026-10-16T06:37:48.790Z,2026-10-16T07:37:48.790Z,Sala 8
130,951,81,2026-04-16T18:43:23.099Z,2026-04-16T19:43:23.099Z,Sala 3
131,259,26,2026-09-09T00:22:42.414Z,2026-09-09T01:22:42.414Z,Sala 5
132,403,29,2025-12-18T10:40:45.210Z,2025-12-18T11:40:45.210Z,Sala 2
133,307,95,2026-04-12T07:19:25.803Z,2026-04-12T08:19:25.803Z,Sala 4
134,935,2,2026-09-18T23:08:57.157Z,2026-09-19T00:08:57.157Z,Sala 1
135,515,59,2026-01-10T17:22:50.106Z,2026-01-10T18:22:50.106Z,Sala 7
136,850,60,2025-11-30T08:48:09.119Z,2025-11-30T09:48:09.119Z,Sala 1
137,481,67,2025-12-01T04:47:08.114Z,2025-12-01T05:47:08.114Z,Sala 2
138,270,77,2026-01-26T15:41:33.801Z,2026-01-26T16:41:33.801Z,Sala 8
139,327,95,2025-12-23T04:28:39.839Z,2025-12-23T05:28:39.839Z,Sala 6
140,901,69,2026-01-18T12:56:19.703Z,2026-01-18T13:56:19.703Z,Sala 10
141,779,2,2026-08-14T20:11:18.840Z,2026-08-14T21:11:18.840Z,Sala 9
142,70,3,2026-07-22T18:01:51.009Z,2026-07-22T19:01:51.009Z,Sala 3
143,102,96,2026-01-12T03:51:26.948Z,2026-01-12T04:51:26.948Z,Sala 8
144,364,84,2026-06-22T11:48:09.661Z,2026-06-22T12:48:09.661Z,Sala 8
145,652,30,2026-10-02T06:54:52.070Z,2026-10-02T07:54:52.070Z,Sala 8
146,274,44,2026-02-25T17:34:40.921Z,2026-02-25T18:34:40.921Z,Sala 3
147,419,98,2026-01-29T05:05:57.197Z,2026-01-29T06:05:57.197Z,Sala 4
148,188,16,2026-10-31T21:33:31.094Z,2026-10-31T22:33:31.094Z,Sala 5
149,633,75,2026-10-28T09:11:33.893Z,2026-10-28T10:11:33.893Z,Sala 3
150,294,46,2026-01-24T05:37:45.198Z,2026-01-24T06:37:45.198Z,Sala 1
151,427,71,2026-11-03T22:13:54.652Z,2026-11-03T23:13:54.652Z,Sala 4
152,196,30,2026-10-25T22:57:24.628Z,2026-10-25T23:57:24.628Z,Sala 1
153,116,60,2026-04-23T09:56:23.003Z,2026-04-23T10:56:23.003Z,Sala 6
154,807,45,2026-07-08T18:16:55.922Z,2026-07-08T19:16:55.922Z,Sala 3
155,878,3,2026-01-11T07:30:50.855Z,2026-01-11T08:30:50.855Z,Sala 8
156,334,43,2026-10-21T00:47:25.001Z,2026-10-21T01:47:25.001Z,Sala 9
157,430,70,2026-06-11T04:34:42.836Z,2026-06-11T05:34:42.836Z,Sala 6
158,947,30,2026-02-09T17:20:45.252Z,2026-02-09T18:20:45.252Z,Sala 9
159,926,56,2026-07-16T15:26:31.733Z,2026-07-16T16:26:31.733Z,Sala 7
160,788,7,2026-01-03T15:01:03.460Z,2026-01-03T16:01:03.460Z,Sala 4
161,950,83,2026-01-17T22:25:50.102Z,2026-01-17T23:25:50.102Z,Sala 6
162,213,50,2026-08-04T19:49:28.034Z,2026-08-04T20:49:28.034Z,Sala 5
163,410,86,2026-06-16T16:21:19.406Z,2026-06-16T17:21:19.406Z,Sala 1
164,217,52,2026-01-01T17:19:43.998Z,2026-01-01T18:19:43.998Z,Sala 8
165,951,47,2026-09-16T07:53:27.374Z,2026-09-16T08:53:27.374Z,Sala 6
166,136,88,2026-03-27T08:03:46.839Z,2026-03-27T09:03:46.839Z,Sala 1
167,629,55,2026-01-29T05:33:05.829Z,2026-01-29T06:33:05.829Z,Sala 2
168,684,5,2026-09-25T00:37:52.648Z,2026-09-25T01:37:52.648Z,Sala 3
169,361,92,2026-10-29T15:05:25.655Z,2026-10-29T16:05:25.655Z,Sala 3
170,914,94,2026-02-23T23:56:44.509Z,2026-02-24T00:56:44.509Z,Sala 3
171,646,34,2026-02-06T12:35:47.131Z,2026-02-06T13:35:47.131Z,Sala 8
172,229,88,2026-05-01T12:08:24.374Z,2026-05-01T13:08:24.374Z,Sala 10
173,237,86,2026-03-25T04:29:57.656Z,2026-03-25T05:29:57.656Z,Sala 7
174,339,48,2026-10-22T20:10:57.818Z,2026-10-22T21:10:57.818Z,Sala 6
175,546,4,2026-06-01T07:44:01.783Z,2026-06-01T08:44:01.783Z,Sala 5
176,841,6,2026-03-20T20:46:10.550Z,2026-03-20T21:46:10.550Z,Sala 6
177,901,15,2026-07-30T04:00:36.290Z,2026-07-30T05:00:36.290Z,Sala 8
178,719,59,2026-10-02T22:55:39.278Z,2026-10-02T23:55:39.278Z,Sala 7
179,556,66,2026-02-16T18:11:09.551Z,2026-02-16T19:11:09.551Z,Sala 4
180,573,68,2026-01-29T23:16:38.964Z,2026-01-30T00:16:38.964Z,Sala 7
181,614,61,2026-07-30T00:14:09.207Z,2026-07-30T01:14:09.207Z,Sala 6
182,922,37,2026-04-24T00:16:55.630Z,2026-04-24T01:16:55.630Z,Sala 3
183,366,45,2026-09-29T18:36:44.080Z,2026-09-29T19:36:44.080Z,Sala 3
184,42,67,2026-09-01T08:31:15.776Z,2026-09-01T09:31:15.776Z,Sala 7
185,476,64,2026-03-28T23:27:03.891Z,2026-03-29T00:27:03.891Z,Sala 1
186,739,52,2026-06-23T19:07:36.177Z,2026-06-23T20:07:36.177Z,Sala 4
187,748,45,2026-05-10T15:47:19.054Z,2026-05-10T16:47:19.054Z,Sala 1
188,788,81,2026-10-08T18:35:25.961Z,2026-10-08T19:35:25.961Z,Sala 6
189,671,17,2026-05-27T02:08:01.405Z,2026-05-27T03:08:01.405Z,Sala 2
190,671,98,2026-02-06T22:34:20.685Z,2026-02-06T23:34:20.685Z,Sala 4
191,648,97,2026-02-10T13:52:04.318Z,2026-02-10T14:52:04.318Z,Sala 1
192,979,24,2026-05-04T09:24:14.357Z,2026-05-04T10:24:14.357Z,Sala 5
193,907,49,2025-11-28T18:39:55.386Z,2025-11-28T19:39:55.386Z,Sala 5
194,282,60,2026-03-19T15:07:39.189Z,2026-03-19T16:07:39.189Z,Sala 2
195,285,2,2026-11-16T06:03:50.129Z,2026-11-16T07:03:50.129Z,Sala 2
196,178,100,2026-06-16T04:39:53.874Z,2026-06-16T05:39:53.874Z,Sala 6
197,173,100,2026-07-16T14:31:00.146Z,2026-07-16T15:31:00.146Z,Sala 5
198,133,85,2026-04-01T16:14:17.717Z,2026-04-01T17:14:17.717Z,Sala 7
199,26,29,2026-07-01T19:02:00.410Z,2026-07-01T20:02:00.410Z,Sala 6
200,592,21,2026-05-02T01:36:31.322Z,2026-05-02T02:36:31.322Z,Sala 9
201,52,92,2026-09-02T10:43:00.812Z,2026-09-02T11:43:00.812Z,Sala 7
202,926,60,2026-07-07T01:00:52.575Z,2026-07-07T02:00:52.575Z,Sala 9
203,535,63,2026-06-28T09:38:40.770Z,2026-06-28T10:38:40.770Z,Sala 6
204,806,57,2025-12-05T05:28:41.764Z,2025-12-05T06:28:41.764Z,Sala 9
205,414,50,2026-03-04T02:18:22.146Z,2026-03-04T03:18:22.146Z,Sala 4
206,439,87,2026-01-28T03:03:36.137Z,2026-01-28T04:03:36.137Z,Sala 3
207,601,95,2026-02-14T08:49:29.816Z,2026-02-14T09:49:29.816Z,Sala 4
208,676,7,2026-07-18T08:58:09.085Z,2026-07-18T09:58:09.085Z,Sala 5
209,106,10,2026-01-19T09:54:10.739Z,2026-01-19T10:54:10.739Z,Sala 4
210,7,49,2026-06-28T18:34:08.821Z,2026-06-28T19:34:08.821Z,Sala 9
211,438,77,2026-10-04T02:13:27.159Z,2026-10-04T03:13:27.159Z,Sala 9
212,492,14,2026-07-17T00:47:53.386Z,2026-07-17T01:47:53.386Z,Sala 8
213,106,26,2026-11-04T10:36:50.961Z,2026-11-04T11:36:50.961Z,Sala 10
214,474,78,2026-09-01T22:21:47.537Z,2026-09-01T23:21:47.537Z,Sala 10
215,136,19,2026-05-19T17:36:30.076Z,2026-05-19T18:36:30.076Z,Sala 10
216,555,87,2025-12-18T21:16:38.080Z,2025-12-18T22:16:38.080Z,Sala 8
217,420,46,2025-12-21T10:25:30.604Z,2025-12-21T11:25:30.604Z,Sala 4
218,750,22,2026-10-28T16:18:19.476Z,2026-10-28T17:18:19.476Z,Sala 1
219,996,2,2026-03-26T03:28:37.577Z,2026-03-26T04:28:37.577Z,Sala 9
220,125,8,2026-05-10T09:44:44.281Z,2026-05-10T10:44:44.281Z,Sala 6
221,908,57,2026-04-18T12:29:18.467Z,2026-04-18T13:29:18.467Z,Sala 4
222,757,76,2025-12-30T18:58:03.766Z,2025-12-30T19:58:03.766Z,Sala 8
223,981,16,2026-04-24T06:32:29.986Z,2026-04-24T07:32:29.986Z,Sala 3
224,247,38,2026-11-08T23:30:15.364Z,2026-11-09T00:30:15.364Z,Sala 6
225,406,92,2026-03-29T08:29:08.737Z,2026-03-29T09:29:08.737Z,Sala 4
226,351,69,2026-02-03T18:04:54.770Z,2026-02-03T19:04:54.770Z,Sala 3
227,514,53,2026-09-26T17:22:19.488Z,2026-09-26T18:22:19.488Z,Sala 9
228,326,86,2026-01-11T08:41:44.215Z,2026-01-11T09:41:44.215Z,Sala 7
229,813,42,2025-12-10T08:55:48.957Z,2025-12-10T09:55:48.957Z,Sala 8
230,18,41,2026-03-04T16:44:43.440Z,2026-03-04T17:44:43.440Z,Sala 3
231,733,15,2026-04-17T17:41:11.163Z,2026-04-17T18:41:11.163Z,Sala 7
232,324,6,2026-11-15T06:05:04.267Z,2026-11-15T07:05:04.267Z,Sala 6
233,438,76,2026-10-06T02:10:01.652Z,2026-10-06T03:10:01.652Z,Sala 4
234,512,26,2026-08-17T10:26:13.857Z,2026-08-17T11:26:13.857Z,Sala 2
235,457,35,2026-06-04T00:33:54.456Z,2026-06-04T01:33:54.456Z,Sala 8
236,163,33,2026-04-27T12:15:34.098Z,2026-04-27T13:15:34.098Z,Sala 6
237,417,54,2026-06-18T04:37:18.639Z,2026-06-18T05:37:18.639Z,Sala 4
238,224,81,2026-04-21T01:31:03.057Z,2026-04-21T02:31:03.057Z,Sala 5
239,791,7,2026-03-11T19:19:52.030Z,2026-03-11T20:19:52.030Z,Sala 7
240,627,93,2026-11-04T08:35:22.281Z,2026-11-04T09:35:22.281Z,Sala 2
241,852,93,2026-07-06T08:31:16.968Z,2026-07-06T09:31:16.968Z,Sala 1
242,900,53,2026-10-15T12:07:47.647Z,2026-10-15T13:07:47.647Z,Sala 7
243,890,89,2026-05-25T12:15:34.026Z,2026-05-25T13:15:34.026Z,Sala 4
244,110,30,2026-09-04T08:51:31.739Z,2026-09-04T09:51:31.739Z,Sala 10
245,939,13,2026-09-17T17:57:29.749Z,2026-09-17T18:57:29.749Z,Sala 5
246,841,82,2026-03-27T15:39:32.783Z,2026-03-27T16:39:32.783Z,Sala 1
247,219,34,2026-03-10T03:25:46.407Z,2026-03-10T04:25:46.407Z,Sala 3
248,276,76,2026-06-30T19:27:25.419Z,2026-06-30T20:27:25.419Z,Sala 9
249,687,72,2026-07-24T05:55:08.695Z,2026-07-24T06:55:08.695Z,Sala 5
250,974,83,2026-06-28T02:15:17.959Z,2026-06-28T03:15:17.959Z,Sala 1
251,59,14,2026-08-02T16:44:57.470Z,2026-08-02T17:44:57.470Z,Sala 7
252,513,4,2026-07-13T05:36:47.766Z,2026-07-13T06:36:47.766Z,Sala 5
253,580,7,2026-07-03T05:00:44.231Z,2026-07-03T06:00:44.231Z,Sala 9
254,763,84,2026-05-01T09:25:08.420Z,2026-05-01T10:25:08.420Z,Sala 8
255,164,31,2026-04-11T16:23:47.595Z,2026-04-11T17:23:47.595Z,Sala 3
256,637,1,2026-01-22T08:10:43.359Z,2026-01-22T09:10:43.359Z,Sala 8
257,150,12,2026-09-28T11:03:47.924Z,2026-09-28T12:03:47.924Z,Sala 6
258,624,41,2026-03-16T04:39:47.778Z,2026-03-16T05:39:47.778Z,Sala 1
259,492,50,2026-07-10T13:49:57.643Z,2026-07-10T14:49:57.643Z,Sala 1
260,888,45,2026-04-24T16:25:13.050Z,2026-04-24T17:25:13.050Z,Sala 6
261,221,6,2026-05-18T23:15:44.217Z,2026-05-19T00:15:44.217Z,Sala 5
262,401,56,2026-02-28T08:21:40.130Z,2026-02-28T09:21:40.130Z,Sala 7
263,465,1,2026-02-11T05:50:55.608Z,2026-02-11T06:50:55.608Z,Sala 5
264,396,52,2026-09-26T06:40:25.989Z,2026-09-26T07:40:25.989Z,Sala 4
265,783,21,2026-05-08T02:15:17.251Z,2026-05-08T03:15:17.251Z,Sala 7
266,253,11,2026-07-10T11:21:07.010Z,2026-07-10T12:21:07.010Z,Sala 6
267,628,37,2026-10-27T22:29:15.403Z,2026-10-27T23:29:15.403Z,Sala 9
268,362,43,2025-12-07T06:40:53.704Z,2025-12-07T07:40:53.704Z,Sala 7
269,154,94,2026-05-17T23:49:50.264Z,2026-05-18T00:49:50.264Z,Sala 8
270,147,23,2026-08-05T13:45:41.703Z,2026-08-05T14:45:41.703Z,Sala 7
271,169,26,2026-09-25T18:42:45.917Z,2026-09-25T19:42:45.917Z,Sala 8
272,822,12,2025-12-28T03:59:30.247Z,2025-12-28T04:59:30.247Z,Sala 4
273,245,45,2026-02-13T12:45:04.768Z,2026-02-13T13:45:04.768Z,Sala 9
274,35,36,2026-09-21T22:37:15.810Z,2026-09-21T23:37:15.810Z,Sala 5
275,790,34,2026-01-13T23:39:38.235Z,2026-01-14T00:39:38.235Z,Sala 10
276,373,8,2026-08-04T02:50:35.349Z,2026-08-04T03:50:35.349Z,Sala 5
277,715,95,2026-05-08T12:14:58.200Z,2026-05-08T13:14:58.200Z,Sala 2
278,976,93,2026-08-11T03:03:22.162Z,2026-08-11T04:03:22.162Z,Sala 7
279,137,16,2025-12-28T09:29:59.921Z,2025-12-28T10:29:59.921Z,Sala 9
280,314,50,2026-01-15T04:13:52.675Z,2026-01-15T05:13:52.675Z,Sala 8
281,488,79,2026-08-20T16:56:12.530Z,2026-08-20T17:56:12.530Z,Sala 2
282,387,63,2026-04-15T03:08:58.517Z,2026-04-15T04:08:58.517Z,Sala 3
283,986,20,2026-09-21T06:36:31.925Z,2026-09-21T07:36:31.925Z,Sala 8
284,676,4,2026-02-12T19:25:12.105Z,2026-02-12T20:25:12.105Z,Sala 5
285,450,63,2026-03-13T12:20:29.990Z,2026-03-13T13:20:29.990Z,Sala 10
286,349,71,2025-12-09T07:23:19.720Z,2025-12-09T08:23:19.720Z,Sala 3
287,964,12,2026-10-12T10:10:53.638Z,2026-10-12T11:10:53.638Z,Sala 3
288,353,70,2026-03-29T08:58:01.576Z,2026-03-29T09:58:01.576Z,Sala 1
289,655,22,2026-01-13T08:37:07.600Z,2026-01-13T09:37:07.600Z,Sala 5
290,674,73,2025-12-06T14:45:00.524Z,2025-12-06T15:45:00.524Z,Sala 3
291,756,90,2026-10-25T13:45:21.759Z,2026-10-25T14:45:21.759Z,Sala 6
292,99,75,2026-02-08T12:50:28.835Z,2026-02-08T13:50:28.835Z,Sala 8
293,19,17,2025-12-10T01:09:20.055Z,2025-12-10T02:09:20.055Z,Sala 9
294,195,82,2026-03-23T01:16:24.508Z,2026-03-23T02:16:24.508Z,Sala 2
295,61,94,2026-07-13T08:14:52.443Z,2026-07-13T09:14:52.443Z,Sala 5
296,402,83,2026-08-15T00:16:56.745Z,2026-08-15T01:16:56.745Z,Sala 9
297,526,30,2026-01-06T09:47:24.619Z,2026-01-06T10:47:24.619Z,Sala 5
298,262,30,2026-09-14T21:34:36.578Z,2026-09-14T22:34:36.578Z,Sala 9
299,5,27,2026-03-03T12:08:36.880Z,2026-03-03T13:08:36.880Z,Sala 6
300,955,5,2026-10-05T00:06:47.512Z,2026-10-05T01:06:47.512Z,Sala 3
301,456,17,2026-10-27T03:50:22.768Z,2026-10-27T04:50:22.768Z,Sala 2
302,376,86,2026-11-08T13:39:12.318Z,2026-11-08T14:39:12.318Z,Sala 2
303,825,87,2025-12-24T05:37:55.995Z,2025-12-24T06:37:55.995Z,Sala 2
304,126,79,2026-08-14T05:16:20.861Z,2026-08-14T06:16:20.861Z,Sala 2
305,813,37,2026-01-26T06:56:05.641Z,2026-01-26T07:56:05.641Z,Sala 1
306,793,3,2025-12-25T02:39:26.949Z,2025-12-25T03:39:26.949Z,Sala 2
307,589,80,2026-02-01T18:09:34.757Z,2026-02-01T19:09:34.757Z,Sala 6
308,263,70,2025-12-15T07:54:33.962Z,2025-12-15T08:54:33.962Z,Sala 1
309,717,82,2026-05-19T02:35:01.163Z,2026-05-19T03:35:01.163Z,Sala 6
310,738,68,2025-12-21T05:50:13.000Z,2025-12-21T06:50:13.000Z,Sala 5
311,362,15,2025-12-14T00:06:25.362Z,2025-12-14T01:06:25.362Z,Sala 2
312,378,14,2026-09-27T13:51:11.351Z,2026-09-27T14:51:11.351Z,Sala 3
313,493,85,2026-03-27T05:56:43.882Z,2026-03-27T06:56:43.882Z,Sala 2
314,762,12,2026-08-20T16:37:52.604Z,2026-08-20T17:37:52.604Z,Sala 7
315,312,61,2025-12-31T06:04:53.365Z,2025-12-31T07:04:53.365Z,Sala 9
316,477,99,2026-06-04T13:36:55.969Z,2026-06-04T14:36:55.969Z,Sala 2
317,770,94,2026-01-20T05:58:59.287Z,2026-01-20T06:58:59.287Z,Sala 3
318,428,76,2026-01-27T02:58:58.949Z,2026-01-27T03:58:58.949Z,Sala 3
319,563,20,2026-04-01T12:09:46.460Z,2026-04-01T13:09:46.460Z,Sala 2
320,702,31,2026-08-03T16:20:37.628Z,2026-08-03T17:20:37.628Z,Sala 2
321,583,59,2026-01-04T04:09:28.055Z,2026-01-04T05:09:28.055Z,Sala 1
322,649,2,2026-01-27T20:56:41.670Z,2026-01-27T21:56:41.670Z,Sala 6
323,610,92,2026-08-30T19:45:35.691Z,2026-08-30T20:45:35.691Z,Sala 9
324,592,83,2026-04-21T05:58:12.491Z,2026-04-21T06:58:12.491Z,Sala 6
325,806,40,2026-06-17T04:58:15.884Z,2026-06-17T05:58:15.884Z,Sala 3
326,997,65,2026-05-12T19:22:31.151Z,2026-05-12T20:22:31.151Z,Sala 9
327,497,87,2026-08-12T18:22:06.970Z,2026-08-12T19:22:06.970Z,Sala 7
328,582,77,2026-11-10T10:45:11.441Z,2026-11-10T11:45:11.441Z,Sala 8
329,325,54,2026-06-07T22:40:25.092Z,2026-06-07T23:40:25.092Z,Sala 4
330,587,95,2026-06-30T16:55:41.886Z,2026-06-30T17:55:41.886Z,Sala 6
331,665,56,2026-10-13T19:51:28.391Z,2026-10-13T20:51:28.391Z,Sala 8
332,156,22,2026-09-02T23:32:27.392Z,2026-09-03T00:32:27.392Z,Sala 3
333,598,24,2026-02-27T22:10:07.992Z,2026-02-27T23:10:07.992Z,Sala 3
334,25,31,2025-12-09T12:17:01.731Z,2025-12-09T13:17:01.731Z,Sala 2
335,151,38,2026-05-31T11:55:39.739Z,2026-05-31T12:55:39.739Z,Sala 8
336,482,33,2026-01-09T14:25:28.459Z,2026-01-09T15:25:28.459Z,Sala 1
337,568,13,2026-10-09T13:15:52.856Z,2026-10-09T14:15:52.856Z,Sala 9
338,937,9,2026-06-13T01:40:01.937Z,2026-06-13T02:40:01.937Z,Sala 6
339,927,88,2026-10-15T02:47:43.505Z,2026-10-15T03:47:43.505Z,Sala 5
340,138,17,2026-06-11T06:23:11.523Z,2026-06-11T07:23:11.523Z,Sala 6
341,749,14,2026-11-12T07:05:54.773Z,2026-11-12T08:05:54.773Z,Sala 7
342,24,44,2026-07-07T19:57:27.866Z,2026-07-07T20:57:27.866Z,Sala 10
343,85,77,2026-02-15T17:42:22.364Z,2026-02-15T18:42:22.364Z,Sala 6
344,337,91,2026-09-30T04:00:53.404Z,2026-09-30T05:00:53.404Z,Sala 6
345,345,53,2026-02-19T07:43:57.068Z,2026-02-19T08:43:57.068Z,Sala 6
346,954,76,2026-01-19T11:07:33.080Z,2026-01-19T12:07:33.080Z,Sala 5
347,649,65,2026-07-10T07:05:01.102Z,2026-07-10T08:05:01.102Z,Sala 7
348,758,45,2026-10-02T22:02:03.190Z,2026-10-02T23:02:03.190Z,Sala 6
349,890,97,2026-04-01T16:51:44.555Z,2026-04-01T17:51:44.555Z,Sala 4
350,890,41,2026-05-26T18:23:13.238Z,2026-05-26T19:23:13.238Z,Sala 4
351,308,28,2026-03-08T14:48:29.570Z,2026-03-08T15:48:29.570Z,Sala 4
352,519,51,2026-02-01T02:07:35.620Z,2026-02-01T03:07:35.620Z,Sala 4
353,251,61,2026-03-16T03:28:42.988Z,2026-03-16T04:28:42.988Z,Sala 9
354,992,47,2026-07-02T00:33:00.343Z,2026-07-02T01:33:00.343Z,Sala 7
355,734,35,2026-07-25T23:17:47.042Z,2026-07-26T00:17:47.042Z,Sala 3
356,877,72,2026-03-11T19:21:46.039Z,2026-03-11T20:21:46.039Z,Sala 5
357,843,29,2026-01-17T03:02:48.600Z,2026-01-17T04:02:48.600Z,Sala 10
358,338,17,2026-05-26T10:34:16.131Z,2026-05-26T11:34:16.131Z,Sala 10
359,344,49,2026-04-30T07:22:57.019Z,2026-04-30T08:22:57.019Z,Sala 1
360,587,99,2026-03-22T03:53:25.545Z,2026-03-22T04:53:25.545Z,Sala 7
361,745,62,2026-01-25T16:17:25.320Z,2026-01-25T17:17:25.320Z,Sala 8
362,345,87,2026-11-14T18:31:58.887Z,2026-11-14T19:31:58.887Z,Sala 8
363,504,59,2026-05-26T06:46:40.483Z,2026-05-26T07:46:40.483Z,Sala 3
364,619,27,2026-08-10T10:19:14.321Z,2026-08-10T11:19:14.321Z,Sala 10
365,334,43,2026-01-02T10:23:06.552Z,2026-01-02T11:23:06.552Z,Sala 7
366,489,64,2026-02-15T06:57:43.253Z,2026-02-15T07:57:43.253Z,Sala 8
367,871,62,2026-04-01T23:19:14.360Z,2026-04-02T00:19:14.360Z,Sala 3
368,847,28,2026-01-20T03:25:09.796Z,2026-01-20T04:25:09.796Z,Sala 6
369,304,6,2026-03-02T09:01:28.559Z,2026-03-02T10:01:28.559Z,Sala 8
370,67,100,2026-05-22T06:40:40.173Z,2026-05-22T07:40:40.173Z,Sala 2
371,57,52,2026-05-18T18:53:03.733Z,2026-05-18T19:53:03.733Z,Sala 1
372,488,12,2026-08-16T12:04:17.445Z,2026-08-16T13:04:17.445Z,Sala 4
373,466,22,2026-06-12T03:55:27.456Z,2026-06-12T04:55:27.456Z,Sala 8
374,343,100,2026-07-01T01:07:05.158Z,2026-07-01T02:07:05.158Z,Sala 6
375,376,70,2025-12-27T10:41:59.189Z,2025-12-27T11:41:59.189Z,Sala 5
376,58,8,2026-01-12T06:40:34.700Z,2026-01-12T07:40:34.700Z,Sala 10
377,958,73,2025-12-03T22:47:21.780Z,2025-12-03T23:47:21.780Z,Sala 6
378,818,8,2026-05-05T22:57:01.658Z,2026-05-05T23:57:01.658Z,Sala 3
379,901,6,2026-02-08T22:04:50.822Z,2026-02-08T23:04:50.822Z,Sala 3
380,504,15,2026-05-16T23:02:47.526Z,2026-05-17T00:02:47.526Z,Sala 2
381,994,57,2026-09-27T07:05:02.832Z,2026-09-27T08:05:02.832Z,Sala 9
382,299,25,2026-11-05T07:19:33.325Z,2026-11-05T08:19:33.325Z,Sala 10
383,727,29,2026-09-04T07:12:26.611Z,2026-09-04T08:12:26.611Z,Sala 7
384,843,35,2026-08-29T20:32:07.176Z,2026-08-29T21:32:07.176Z,Sala 9
385,902,80,2026-07-16T18:26:08.510Z,2026-07-16T19:26:08.510Z,Sala 1
386,326,22,2026-05-02T22:48:37.212Z,2026-05-02T23:48:37.212Z,Sala 1
387,97,45,2026-04-03T21:16:42.280Z,2026-04-03T22:16:42.280Z,Sala 5
388,308,12,2026-04-23T13:50:05.303Z,2026-04-23T14:50:05.303Z,Sala 8
389,990,2,2026-10-05T18:53:33.748Z,2026-10-05T19:53:33.748Z,Sala 5
390,369,83,2026-02-05T16:42:08.815Z,2026-02-05T17:42:08.815Z,Sala 5
391,764,4,2026-07-09T04:11:39.913Z,2026-07-09T05:11:39.913Z,Sala 10
392,569,70,2026-06-22T10:03:16.360Z,2026-06-22T11:03:16.360Z,Sala 6
393,571,92,2025-12-12T01:13:40.362Z,2025-12-12T02:13:40.362Z,Sala 5
394,488,30,2026-06-24T15:24:46.228Z,2026-06-24T16:24:46.228Z,Sala 6
395,329,34,2025-11-25T19:52:15.189Z,2025-11-25T20:52:15.189Z,Sala 9
396,841,35,2026-08-16T06:40:09.446Z,2026-08-16T07:40:09.446Z,Sala 9
397,609,51,2026-07-07T09:04:52.040Z,2026-07-07T10:04:52.040Z,Sala 2
398,311,62,2026-06-10T15:27:46.428Z,2026-06-10T16:27:46.428Z,Sala 1
399,702,60,2026-02-01T19:36:51.798Z,2026-02-01T20:36:51.798Z,Sala 8
400,408,35,2025-12-25T12:40:55.998Z,2025-12-25T13:40:55.998Z,Sala 4
401,402,46,2026-10-10T03:12:15.272Z,2026-10-10T04:12:15.272Z,Sala 1
402,552,39,2026-06-10T08:27:09.378Z,2026-06-10T09:27:09.378Z,Sala 1
403,24,62,2026-01-14T17:20:14.063Z,2026-01-14T18:20:14.063Z,Sala 9
404,606,8,2026-01-18T19:26:25.055Z,2026-01-18T20:26:25.055Z,Sala 8
405,903,3,2026-10-24T10:02:20.712Z,2026-10-24T11:02:20.712Z,Sala 3
406,932,79,2026-06-21T06:31:53.714Z,2026-06-21T07:31:53.714Z,Sala 8
407,675,22,2026-04-10T15:28:08.153Z,2026-04-10T16:28:08.153Z,Sala 9
408,51,66,2026-11-17T04:16:38.638Z,2026-11-17T05:16:38.638Z,Sala 4
409,343,29,2026-06-30T05:08:28.134Z,2026-06-30T06:08:28.134Z,Sala 3
410,80,78,2026-02-21T20:16:50.694Z,2026-02-21T21:16:50.694Z,Sala 10
411,343,91,2026-09-15T04:14:46.239Z,2026-09-15T05:14:46.239Z,Sala 6
412,717,49,2026-09-05T01:52:53.714Z,2026-09-05T02:52:53.714Z,Sala 1
413,105,72,2026-04-21T13:13:35.394Z,2026-04-21T14:13:35.394Z,Sala 5
414,341,63,2025-11-23T06:52:37.036Z,2025-11-23T07:52:37.036Z,Sala 3
415,948,70,2026-11-18T14:27:49.520Z,2026-11-18T15:27:49.520Z,Sala 9
416,871,61,2026-01-23T06:22:24.848Z,2026-01-23T07:22:24.848Z,Sala 2
417,596,7,2026-03-31T19:49:30.217Z,2026-03-31T20:49:30.217Z,Sala 8
418,772,62,2026-08-02T20:05:36.741Z,2026-08-02T21:05:36.741Z,Sala 10
419,640,19,2026-06-26T14:35:47.341Z,2026-06-26T15:35:47.341Z,Sala 9
420,696,19,2026-05-18T11:04:14.529Z,2026-05-18T12:04:14.529Z,Sala 10
421,149,82,2025-12-08T20:39:10.910Z,2025-12-08T21:39:10.910Z,Sala 8
422,387,37,2026-09-01T10:25:52.985Z,2026-09-01T11:25:52.985Z,Sala 4
423,60,69,2026-05-16T03:04:54.412Z,2026-05-16T04:04:54.412Z,Sala 5
424,40,34,2026-08-29T18:31:57.295Z,2026-08-29T19:31:57.295Z,Sala 8
425,72,44,2026-07-25T20:01:58.952Z,2026-07-25T21:01:58.952Z,Sala 1
426,555,1,2026-03-27T21:12:51.055Z,2026-03-27T22:12:51.055Z,Sala 6
427,717,59,2026-06-16T11:25:17.211Z,2026-06-16T12:25:17.211Z,Sala 6
428,712,38,2026-04-14T07:38:53.949Z,2026-04-14T08:38:53.949Z,Sala 7
429,275,93,2025-11-23T02:15:49.867Z,2025-11-23T03:15:49.867Z,Sala 5
430,878,98,2026-01-18T16:15:48.610Z,2026-01-18T17:15:48.610Z,Sala 7
431,190,2,2026-07-02T10:14:09.465Z,2026-07-02T11:14:09.465Z,Sala 2
432,181,37,2025-12-18T13:35:39.114Z,2025-12-18T14:35:39.114Z,Sala 10
433,328,40,2026-08-19T19:53:30.783Z,2026-08-19T20:53:30.783Z,Sala 6
434,115,29,2026-08-23T20:39:56.344Z,2026-08-23T21:39:56.344Z,Sala 10
435,169,7,2026-04-10T16:08:41.337Z,2026-04-10T17:08:41.337Z,Sala 3
436,62,32,2026-02-19T05:47:33.603Z,2026-02-19T06:47:33.603Z,Sala 4
437,151,93,2026-05-18T19:19:55.610Z,2026-05-18T20:19:55.610Z,Sala 5
438,755,48,2026-10-17T00:23:05.719Z,2026-10-17T01:23:05.719Z,Sala 3
439,717,37,2026-01-09T23:13:15.617Z,2026-01-10T00:13:15.617Z,Sala 4
440,999,15,2025-12-07T14:07:12.690Z,2025-12-07T15:07:12.690Z,Sala 7
441,220,36,2026-04-08T01:17:32.357Z,2026-04-08T02:17:32.357Z,Sala 10
442,174,54,2026-10-08T05:50:09.411Z,2026-10-08T06:50:09.411Z,Sala 5
443,646,97,2026-01-07T06:14:34.096Z,2026-01-07T07:14:34.096Z,Sala 10
444,164,84,2026-09-01T04:53:46.354Z,2026-09-01T05:53:46.354Z,Sala 6
445,65,20,2026-10-06T08:34:01.555Z,2026-10-06T09:34:01.555Z,Sala 7
446,855,17,2026-04-05T06:56:49.129Z,2026-04-05T07:56:49.129Z,Sala 4
447,424,67,2026-07-06T21:38:34.892Z,2026-07-06T22:38:34.892Z,Sala 4
448,390,28,2026-10-30T19:17:51.674Z,2026-10-30T20:17:51.674Z,Sala 2
449,291,24,2026-05-08T12:27:17.075Z,2026-05-08T13:27:17.075Z,Sala 8
450,927,55,2026-10-07T08:10:26.647Z,2026-10-07T09:10:26.647Z,Sala 3
451,12,92,2026-03-28T15:01:41.704Z,2026-03-28T16:01:41.704Z,Sala 4
452,883,8,2026-02-02T15:23:58.563Z,2026-02-02T16:23:58.563Z,Sala 3
453,856,35,2026-10-17T04:46:43.698Z,2026-10-17T05:46:43.698Z,Sala 9
454,715,8,2026-08-09T14:31:55.236Z,2026-08-09T15:31:55.236Z,Sala 10
455,61,79,2025-11-29T00:58:18.139Z,2025-11-29T01:58:18.139Z,Sala 3
456,886,23,2026-05-19T17:07:07.299Z,2026-05-19T18:07:07.299Z,Sala 5
457,237,52,2026-05-03T15:02:15.553Z,2026-05-03T16:02:15.553Z,Sala 3
458,444,44,2026-09-28T13:13:08.072Z,2026-09-28T14:13:08.072Z,Sala 9
459,513,77,2026-08-23T05:30:25.432Z,2026-08-23T06:30:25.432Z,Sala 5
460,612,72,2026-11-01T14:39:02.562Z,2026-11-01T15:39:02.562Z,Sala 8
461,286,8,2026-03-19T12:14:04.403Z,2026-03-19T13:14:04.403Z,Sala 8
462,84,79,2026-02-20T10:04:11.615Z,2026-02-20T11:04:11.615Z,Sala 6
463,781,10,2025-11-30T01:35:33.857Z,2025-11-30T02:35:33.857Z,Sala 4
464,679,27,2026-04-16T05:20:39.712Z,2026-04-16T06:20:39.712Z,Sala 1
465,201,46,2026-02-11T17:36:33.729Z,2026-02-11T18:36:33.729Z,Sala 3
466,205,28,2026-06-25T21:59:07.895Z,2026-06-25T22:59:07.895Z,Sala 10
467,481,35,2026-06-11T19:54:34.958Z,2026-06-11T20:54:34.958Z,Sala 9
468,638,91,2025-12-18T16:42:08.703Z,2025-12-18T17:42:08.703Z,Sala 6
469,741,83,2026-02-22T03:08:48.177Z,2026-02-22T04:08:48.177Z,Sala 3
470,725,77,2026-04-05T06:00:07.008Z,2026-04-05T07:00:07.008Z,Sala 3
471,260,37,2026-07-02T03:14:09.433Z,2026-07-02T04:14:09.433Z,Sala 5
472,916,42,2026-02-21T14:47:07.708Z,2026-02-21T15:47:07.708Z,Sala 9
473,519,44,2025-11-30T17:37:54.336Z,2025-11-30T18:37:54.336Z,Sala 5
474,620,94,2026-09-01T17:05:05.582Z,2026-09-01T18:05:05.582Z,Sala 1
475,629,10,2026-10-20T10:18:27.259Z,2026-10-20T11:18:27.259Z,Sala 8
476,716,88,2025-12-12T04:14:29.386Z,2025-12-12T05:14:29.386Z,Sala 1
477,351,38,2026-08-29T13:19:34.786Z,2026-08-29T14:19:34.786Z,Sala 1
478,594,28,2026-05-26T13:51:16.316Z,2026-05-26T14:51:16.316Z,Sala 1
479,130,68,2026-02-16T23:04:40.384Z,2026-02-17T00:04:40.384Z,Sala 7
480,403,89,2026-10-23T13:13:00.480Z,2026-10-23T14:13:00.480Z,Sala 10
481,200,37,2025-12-05T10:46:25.673Z,2025-12-05T11:46:25.673Z,Sala 3
482,915,71,2026-04-08T00:34:25.892Z,2026-04-08T01:34:25.892Z,Sala 1
483,775,24,2025-12-28T03:02:20.055Z,2025-12-28T04:02:20.055Z,Sala 4
484,616,64,2025-11-23T19:12:54.858Z,2025-11-23T20:12:54.858Z,Sala 3
485,262,70,2026-07-17T05:30:12.718Z,2026-07-17T06:30:12.718Z,Sala 4
486,694,10,2026-03-05T19:53:44.125Z,2026-03-05T20:53:44.125Z,Sala 7
487,39,76,2026-10-02T22:34:42.164Z,2026-10-02T23:34:42.164Z,Sala 9
488,659,38,2026-03-14T20:43:18.871Z,2026-03-14T21:43:18.871Z,Sala 1
489,550,5,2025-11-21T01:50:13.282Z,2025-11-21T02:50:13.282Z,Sala 5
490,36,97,2026-04-03T03:05:45.843Z,2026-04-03T04:05:45.843Z,Sala 5
491,945,28,2026-03-19T16:28:59.655Z,2026-03-19T17:28:59.655Z,Sala 7
492,732,60,2026-10-29T03:29:37.984Z,2026-10-29T04:29:37.984Z,Sala 1
493,216,26,2026-02-23T16:49:35.994Z,2026-02-23T17:49:35.994Z,Sala 7
494,34,98,2025-12-18T15:47:12.838Z,2025-12-18T16:47:12.838Z,Sala 5
495,925,23,2026-08-23T21:10:22.672Z,2026-08-23T22:10:22.672Z,Sala 5
496,329,5,2026-08-28T03:52:23.973Z,2026-08-28T04:52:23.973Z,Sala 3
497,686,50,2026-07-01T00:37:28.776Z,2026-07-01T01:37:28.776Z,Sala 1
498,680,98,2026-05-24T21:59:24.124Z,2026-05-24T22:59:24.124Z,Sala 8
499,839,97,2026-01-21T21:38:53.715Z,2026-01-21T22:38:53.715Z,Sala 5
500,231,79,2026-02-24T01:24:10.361Z,2026-02-24T02:24:10.361Z,Sala 2
501,806,77,2026-02-25T10:36:38.175Z,2026-02-25T11:36:38.175Z,Sala 4
502,452,42,2026-02-11T13:44:06.106Z,2026-02-11T14:44:06.106Z,Sala 8
503,319,44,2026-10-01T17:11:23.198Z,2026-10-01T18:11:23.198Z,Sala 5
504,613,6,2026-05-04T00:33:41.966Z,2026-05-04T01:33:41.966Z,Sala 7
505,848,12,2026-05-23T16:01:37.746Z,2026-05-23T17:01:37.746Z,Sala 10
506,454,23,2026-02-02T10:09:55.005Z,2026-02-02T11:09:55.005Z,Sala 6
507,465,98,2026-06-07T18:03:39.029Z,2026-06-07T19:03:39.029Z,Sala 6
508,177,68,2026-02-17T04:24:55.333Z,2026-02-17T05:24:55.333Z,Sala 3
509,398,5,2026-02-14T01:06:13.059Z,2026-02-14T02:06:13.059Z,Sala 5
510,40,68,2026-10-21T15:53:39.876Z,2026-10-21T16:53:39.876Z,Sala 7
511,315,24,2026-10-01T00:50:29.754Z,2026-10-01T01:50:29.754Z,Sala 5
512,218,94,2026-05-15T03:35:49.758Z,2026-05-15T04:35:49.758Z,Sala 1
513,847,39,2026-02-03T13:13:14.724Z,2026-02-03T14:13:14.724Z,Sala 7
514,96,24,2026-08-06T16:18:46.813Z,2026-08-06T17:18:46.813Z,Sala 9
515,335,49,2026-01-13T20:40:54.422Z,2026-01-13T21:40:54.422Z,Sala 1
516,956,96,2025-12-04T01:01:09.391Z,2025-12-04T02:01:09.391Z,Sala 10
517,402,88,2026-06-05T17:20:25.461Z,2026-06-05T18:20:25.461Z,Sala 4
518,976,96,2026-02-10T00:12:38.627Z,2026-02-10T01:12:38.627Z,Sala 7
519,20,76,2026-06-12T10:01:26.514Z,2026-06-12T11:01:26.514Z,Sala 3
520,693,63,2026-10-22T10:26:23.756Z,2026-10-22T11:26:23.756Z,Sala 9
521,284,21,2026-10-25T19:24:03.252Z,2026-10-25T20:24:03.252Z,Sala 4
522,783,19,2026-05-27T07:38:56.512Z,2026-05-27T08:38:56.512Z,Sala 9
523,357,43,2026-06-11T15:04:12.535Z,2026-06-11T16:04:12.535Z,Sala 2
524,599,19,2026-08-09T00:02:16.055Z,2026-08-09T01:02:16.055Z,Sala 3
525,790,33,2026-06-16T17:42:02.418Z,2026-06-16T18:42:02.418Z,Sala 5
526,316,88,2026-07-27T06:06:24.610Z,2026-07-27T07:06:24.610Z,Sala 1
527,777,81,2026-02-10T02:05:26.146Z,2026-02-10T03:05:26.146Z,Sala 1
528,767,84,2026-07-17T22:07:51.445Z,2026-07-17T23:07:51.445Z,Sala 6
529,108,24,2026-08-06T18:40:41.070Z,2026-08-06T19:40:41.070Z,Sala 2
530,963,43,2026-03-25T18:38:34.706Z,2026-03-25T19:38:34.706Z,Sala 1
531,371,29,2026-03-27T16:06:29.502Z,2026-03-27T17:06:29.502Z,Sala 9
532,459,72,2026-11-07T14:46:14.354Z,2026-11-07T15:46:14.354Z,Sala 2
533,806,37,2026-05-03T16:08:49.177Z,2026-05-03T17:08:49.177Z,Sala 4
534,7,63,2026-10-24T15:35:41.844Z,2026-10-24T16:35:41.844Z,Sala 6
535,147,46,2026-10-22T17:47:41.704Z,2026-10-22T18:47:41.704Z,Sala 2
536,981,63,2025-12-28T20:41:52.612Z,2025-12-28T21:41:52.612Z,Sala 1
537,384,26,2026-02-08T23:50:24.027Z,2026-02-09T00:50:24.027Z,Sala 6
538,136,49,2026-08-11T13:51:40.974Z,2026-08-11T14:51:40.974Z,Sala 9
539,246,87,2026-05-19T11:44:44.034Z,2026-05-19T12:44:44.034Z,Sala 2
540,739,78,2026-09-05T00:13:55.000Z,2026-09-05T01:13:55.000Z,Sala 6
541,760,36,2026-03-30T16:31:10.555Z,2026-03-30T17:31:10.555Z,Sala 5
542,300,75,2026-10-12T14:25:17.446Z,2026-10-12T15:25:17.446Z,Sala 7
543,11,76,2026-04-20T13:44:00.958Z,2026-04-20T14:44:00.958Z,Sala 10
544,95,84,2026-07-22T14:45:19.856Z,2026-07-22T15:45:19.856Z,Sala 2
545,318,10,2026-09-19T02:01:57.488Z,2026-09-19T03:01:57.488Z,Sala 7
546,660,70,2025-12-21T11:10:01.401Z,2025-12-21T12:10:01.401Z,Sala 4
547,660,86,2026-05-28T10:27:57.278Z,2026-05-28T11:27:57.278Z,Sala 4
548,935,3,2026-02-02T10:25:29.784Z,2026-02-02T11:25:29.784Z,Sala 2
549,902,33,2026-10-24T07:41:18.557Z,2026-10-24T08:41:18.557Z,Sala 1
550,914,52,2026-03-04T02:18:07.563Z,2026-03-04T03:18:07.563Z,Sala 1
551,265,15,2026-02-28T16:08:06.890Z,2026-02-28T17:08:06.890Z,Sala 9
552,396,70,2026-04-16T02:52:28.800Z,2026-04-16T03:52:28.800Z,Sala 3
553,320,29,2026-09-22T21:29:06.212Z,2026-09-22T22:29:06.212Z,Sala 10
554,719,54,2026-04-26T14:41:15.167Z,2026-04-26T15:41:15.167Z,Sala 2
555,255,14,2026-08-03T22:40:06.117Z,2026-08-03T23:40:06.117Z,Sala 8
556,261,33,2026-05-21T23:38:48.385Z,2026-05-22T00:38:48.385Z,Sala 10
557,788,26,2026-11-02T19:25:47.096Z,2026-11-02T20:25:47.096Z,Sala 4
558,408,14,2025-12-04T22:10:33.721Z,2025-12-04T23:10:33.721Z,Sala 6
559,359,55,2026-06-27T13:14:31.106Z,2026-06-27T14:14:31.106Z,Sala 10
560,213,3,2026-09-19T09:11:19.762Z,2026-09-19T10:11:19.762Z,Sala 6
561,259,13,2026-03-25T21:33:54.529Z,2026-03-25T22:33:54.529Z,Sala 2
562,410,26,2026-08-06T14:48:15.611Z,2026-08-06T15:48:15.611Z,Sala 1
563,451,17,2026-10-05T17:20:15.095Z,2026-10-05T18:20:15.095Z,Sala 3
564,165,57,2026-03-10T03:33:01.886Z,2026-03-10T04:33:01.886Z,Sala 1
565,674,33,2026-08-07T08:47:24.278Z,2026-08-07T09:47:24.278Z,Sala 6
566,827,87,2026-11-08T20:17:25.102Z,2026-11-08T21:17:25.102Z,Sala 10
567,303,22,2026-06-28T11:58:41.454Z,2026-06-28T12:58:41.454Z,Sala 8
568,681,11,2026-07-07T06:55:57.268Z,2026-07-07T07:55:57.268Z,Sala 2
569,803,45,2025-12-24T20:37:14.184Z,2025-12-24T21:37:14.184Z,Sala 1
570,503,28,2026-10-15T07:58:50.586Z,2026-10-15T08:58:50.586Z,Sala 8
571,888,52,2026-03-16T14:04:58.292Z,2026-03-16T15:04:58.292Z,Sala 9
572,153,5,2026-11-13T04:37:02.197Z,2026-11-13T05:37:02.197Z,Sala 1
573,477,86,2026-03-26T20:39:33.567Z,2026-03-26T21:39:33.567Z,Sala 10
574,539,30,2026-11-07T18:13:55.028Z,2026-11-07T19:13:55.028Z,Sala 9
575,942,84,2026-08-28T04:29:40.903Z,2026-08-28T05:29:40.903Z,Sala 3
576,685,3,2026-10-17T15:19:44.482Z,2026-10-17T16:19:44.482Z,Sala 1
577,140,17,2026-08-30T11:59:33.357Z,2026-08-30T12:59:33.357Z,Sala 7
578,844,23,2026-01-16T00:51:29.403Z,2026-01-16T01:51:29.403Z,Sala 7
579,485,5,2026-03-03T20:55:50.375Z,2026-03-03T21:55:50.375Z,Sala 9
580,604,23,2026-07-31T08:26:04.095Z,2026-07-31T09:26:04.095Z,Sala 5
581,296,5,2026-02-25T08:37:58.316Z,2026-02-25T09:37:58.316Z,Sala 9
582,96,65,2025-12-03T05:14:01.520Z,2025-12-03T06:14:01.520Z,Sala 4
583,520,15,2025-12-20T15:58:30.593Z,2025-12-20T16:58:30.593Z,Sala 9
584,861,10,2025-12-18T15:23:53.656Z,2025-12-18T16:23:53.656Z,Sala 7
585,419,74,2026-01-29T18:11:11.960Z,2026-01-29T19:11:11.960Z,Sala 7
586,147,88,2026-03-05T02:59:47.491Z,2026-03-05T03:59:47.491Z,Sala 3
587,354,6,2026-05-25T14:41:32.395Z,2026-05-25T15:41:32.395Z,Sala 7
588,265,91,2026-08-07T03:16:21.630Z,2026-08-07T04:16:21.630Z,Sala 8
589,407,29,2026-03-13T17:50:55.998Z,2026-03-13T18:50:55.998Z,Sala 8
590,682,5,2026-02-15T06:15:48.422Z,2026-02-15T07:15:48.422Z,Sala 6
591,357,86,2026-05-01T19:44:18.985Z,2026-05-01T20:44:18.985Z,Sala 1
592,196,7,2026-07-07T07:28:59.363Z,2026-07-07T08:28:59.363Z,Sala 2
593,512,70,2026-01-17T03:53:40.362Z,2026-01-17T04:53:40.362Z,Sala 1
594,94,66,2026-01-23T17:05:12.175Z,2026-01-23T18:05:12.175Z,Sala 3
595,888,72,2026-05-23T02:45:14.112Z,2026-05-23T03:45:14.112Z,Sala 7
596,48,67,2026-10-24T13:47:49.347Z,2026-10-24T14:47:49.347Z,Sala 6
597,952,96,2026-10-17T03:38:32.782Z,2026-10-17T04:38:32.782Z,Sala 8
598,512,3,2026-11-08T09:43:14.127Z,2026-11-08T10:43:14.127Z,Sala 4
599,427,41,2026-04-17T22:37:25.103Z,2026-04-17T23:37:25.103Z,Sala 9
600,744,85,2026-11-16T11:47:52.135Z,2026-11-16T12:47:52.135Z,Sala 5
601,316,72,2026-10-29T11:55:58.188Z,2026-10-29T12:55:58.188Z,Sala 4
602,645,44,2025-12-12T23:24:09.836Z,2025-12-13T00:24:09.836Z,Sala 1
603,708,18,2026-01-18T02:57:21.601Z,2026-01-18T03:57:21.601Z,Sala 9
604,677,96,2026-05-28T12:16:59.452Z,2026-05-28T13:16:59.452Z,Sala 8
605,474,30,2026-08-20T11:53:57.030Z,2026-08-20T12:53:57.030Z,Sala 7
606,59,89,2026-09-24T10:42:05.088Z,2026-09-24T11:42:05.088Z,Sala 6
607,642,73,2026-08-29T10:26:21.630Z,2026-08-29T11:26:21.630Z,Sala 8
608,366,46,2026-01-09T10:08:40.123Z,2026-01-09T11:08:40.123Z,Sala 9
609,819,42,2026-05-06T08:43:19.614Z,2026-05-06T09:43:19.614Z,Sala 2
610,656,11,2026-04-08T09:07:46.542Z,2026-04-08T10:07:46.542Z,Sala 5
611,602,43,2026-04-23T04:00:08.824Z,2026-04-23T05:00:08.824Z,Sala 2
612,671,83,2026-04-21T06:43:02.667Z,2026-04-21T07:43:02.667Z,Sala 9
613,270,72,2026-03-09T20:52:58.626Z,2026-03-09T21:52:58.626Z,Sala 8
614,556,77,2026-08-10T01:36:51.997Z,2026-08-10T02:36:51.997Z,Sala 4
615,176,56,2026-03-07T17:03:38.452Z,2026-03-07T18:03:38.452Z,Sala 1
616,898,32,2026-10-02T07:10:41.878Z,2026-10-02T08:10:41.878Z,Sala 6
617,106,2,2026-09-01T19:12:51.508Z,2026-09-01T20:12:51.508Z,Sala 1
618,356,56,2026-06-20T03:34:33.653Z,2026-06-20T04:34:33.653Z,Sala 6
619,527,97,2026-02-03T01:22:45.931Z,2026-02-03T02:22:45.931Z,Sala 9
620,748,41,2026-05-02T16:19:35.168Z,2026-05-02T17:19:35.168Z,Sala 10
621,963,15,2026-05-03T06:09:30.195Z,2026-05-03T07:09:30.195Z,Sala 2
622,537,66,2026-02-15T08:18:46.788Z,2026-02-15T09:18:46.788Z,Sala 8
623,576,23,2026-11-07T05:14:31.131Z,2026-11-07T06:14:31.131Z,Sala 2
624,10,41,2026-09-23T21:47:01.863Z,2026-09-23T22:47:01.863Z,Sala 2
625,331,5,2026-02-15T08:15:48.358Z,2026-02-15T09:15:48.358Z,Sala 4
626,776,77,2026-09-20T01:42:46.066Z,2026-09-20T02:42:46.066Z,Sala 3
627,448,55,2026-06-30T05:52:29.724Z,2026-06-30T06:52:29.724Z,Sala 5
628,798,52,2026-04-30T09:34:57.894Z,2026-04-30T10:34:57.894Z,Sala 10
629,847,17,2026-02-24T00:52:38.952Z,2026-02-24T01:52:38.952Z,Sala 9
630,155,33,2026-03-16T17:07:53.142Z,2026-03-16T18:07:53.142Z,Sala 4
631,695,98,2026-08-03T16:29:06.702Z,2026-08-03T17:29:06.702Z,Sala 2
632,884,78,2026-01-24T00:51:43.109Z,2026-01-24T01:51:43.109Z,Sala 1
633,1000,69,2026-08-22T02:54:43.197Z,2026-08-22T03:54:43.197Z,Sala 6
634,8,65,2026-07-06T19:48:19.525Z,2026-07-06T20:48:19.525Z,Sala 7
635,394,63,2026-01-26T12:33:52.219Z,2026-01-26T13:33:52.219Z,Sala 9
636,415,12,2026-07-10T10:57:40.501Z,2026-07-10T11:57:40.501Z,Sala 5
637,345,91,2025-12-21T16:22:48.316Z,2025-12-21T17:22:48.316Z,Sala 6
638,426,40,2026-10-16T10:53:16.585Z,2026-10-16T11:53:16.585Z,Sala 2
639,308,58,2026-03-05T15:22:24.405Z,2026-03-05T16:22:24.405Z,Sala 4
640,987,38,2025-11-29T07:54:07.589Z,2025-11-29T08:54:07.589Z,Sala 10
641,700,42,2026-11-13T11:46:40.312Z,2026-11-13T12:46:40.312Z,Sala 1
642,39,66,2026-07-13T15:54:28.319Z,2026-07-13T16:54:28.319Z,Sala 2
643,671,98,2026-04-27T19:17:39.948Z,2026-04-27T20:17:39.948Z,Sala 4
644,508,58,2026-03-15T04:05:42.690Z,2026-03-15T05:05:42.690Z,Sala 3
645,10,78,2026-01-24T07:03:52.511Z,2026-01-24T08:03:52.511Z,Sala 1
646,292,70,2026-10-28T15:25:21.703Z,2026-10-28T16:25:21.703Z,Sala 6
647,596,23,2026-04-13T06:14:43.025Z,2026-04-13T07:14:43.025Z,Sala 8
648,709,19,2026-06-28T09:35:23.121Z,2026-06-28T10:35:23.121Z,Sala 8
649,618,16,2026-03-04T10:49:11.686Z,2026-03-04T11:49:11.686Z,Sala 3
650,857,44,2026-10-27T14:43:41.674Z,2026-10-27T15:43:41.674Z,Sala 8
651,925,25,2026-03-23T07:15:31.410Z,2026-03-23T08:15:31.410Z,Sala 3
652,190,68,2026-02-01T02:13:09.658Z,2026-02-01T03:13:09.658Z,Sala 5
653,690,75,2025-12-22T09:57:57.380Z,2025-12-22T10:57:57.380Z,Sala 6
654,495,92,2025-12-18T09:27:54.664Z,2025-12-18T10:27:54.664Z,Sala 9
655,551,54,2026-10-30T10:49:06.565Z,2026-10-30T11:49:06.565Z,Sala 3
656,329,61,2026-10-20T20:26:31.683Z,2026-10-20T21:26:31.683Z,Sala 9
657,934,65,2026-03-21T06:39:58.735Z,2026-03-21T07:39:58.735Z,Sala 4
658,511,55,2026-11-14T01:06:49.637Z,2026-11-14T02:06:49.637Z,Sala 3
659,270,40,2026-09-12T14:58:52.400Z,2026-09-12T15:58:52.400Z,Sala 7
660,757,48,2026-10-25T18:22:18.985Z,2026-10-25T19:22:18.985Z,Sala 8
661,361,24,2026-08-28T15:19:19.079Z,2026-08-28T16:19:19.079Z,Sala 2
662,958,28,2025-12-10T03:08:45.921Z,2025-12-10T04:08:45.921Z,Sala 4
663,796,48,2026-07-03T06:41:19.458Z,2026-07-03T07:41:19.458Z,Sala 10
664,992,54,2025-12-31T16:23:47.851Z,2025-12-31T17:23:47.851Z,Sala 9
665,805,94,2026-01-15T20:39:27.394Z,2026-01-15T21:39:27.394Z,Sala 3
666,479,56,2026-05-29T05:11:20.803Z,2026-05-29T06:11:20.803Z,Sala 3
667,88,15,2026-10-07T19:35:14.667Z,2026-10-07T20:35:14.667Z,Sala 1
668,900,54,2025-12-28T18:35:44.152Z,2025-12-28T19:35:44.152Z,Sala 5
669,466,64,2026-01-17T11:31:56.251Z,2026-01-17T12:31:56.251Z,Sala 2
670,577,38,2026-09-18T07:27:14.746Z,2026-09-18T08:27:14.746Z,Sala 10
671,170,52,2026-08-03T22:17:03.723Z,2026-08-03T23:17:03.723Z,Sala 2
672,801,9,2026-08-15T22:19:56.339Z,2026-08-15T23:19:56.339Z,Sala 6
673,32,31,2026-03-27T10:42:48.851Z,2026-03-27T11:42:48.851Z,Sala 8
674,849,82,2025-12-02T00:38:46.935Z,2025-12-02T01:38:46.935Z,Sala 4
675,90,2,2026-11-17T17:47:43.993Z,2026-11-17T18:47:43.993Z,Sala 1
676,743,53,2026-04-25T18:53:06.515Z,2026-04-25T19:53:06.515Z,Sala 4
677,714,67,2025-12-12T18:47:40.165Z,2025-12-12T19:47:40.165Z,Sala 7
678,992,32,2025-12-04T05:10:13.695Z,2025-12-04T06:10:13.695Z,Sala 6
679,913,15,2026-03-29T13:33:52.493Z,2026-03-29T14:33:52.493Z,Sala 10
680,678,31,2026-11-01T04:26:21.962Z,2026-11-01T05:26:21.962Z,Sala 1
681,623,10,2026-07-05T23:27:45.095Z,2026-07-06T00:27:45.095Z,Sala 2
682,169,20,2025-12-23T07:01:40.143Z,2025-12-23T08:01:40.143Z,Sala 7
683,189,90,2026-09-26T19:31:23.796Z,2026-09-26T20:31:23.796Z,Sala 10
684,63,47,2026-01-19T15:31:41.351Z,2026-01-19T16:31:41.351Z,Sala 10
685,829,40,2026-11-07T14:25:03.059Z,2026-11-07T15:25:03.059Z,Sala 5
686,264,87,2026-04-15T18:57:15.074Z,2026-04-15T19:57:15.074Z,Sala 9
687,437,11,2025-12-19T17:58:38.817Z,2025-12-19T18:58:38.817Z,Sala 7
688,258,44,2025-12-30T18:27:29.747Z,2025-12-30T19:27:29.747Z,Sala 2
689,534,70,2026-09-03T04:41:50.795Z,2026-09-03T05:41:50.795Z,Sala 6
690,850,1,2026-10-20T15:18:37.234Z,2026-10-20T16:18:37.234Z,Sala 1
691,325,30,2025-12-27T06:21:15.879Z,2025-12-27T07:21:15.879Z,Sala 8
692,336,34,2026-02-12T00:31:41.502Z,2026-02-12T01:31:41.502Z,Sala 9
693,770,51,2026-09-05T10:09:40.407Z,2026-09-05T11:09:40.407Z,Sala 10
694,383,73,2026-11-17T14:51:32.669Z,2026-11-17T15:51:32.669Z,Sala 10
695,743,100,2026-07-21T03:42:26.320Z,2026-07-21T04:42:26.320Z,Sala 9
696,901,25,2026-07-25T14:51:12.152Z,2026-07-25T15:51:12.152Z,Sala 4
697,880,23,2026-09-16T05:24:19.444Z,2026-09-16T06:24:19.444Z,Sala 4
698,583,78,2026-09-05T04:02:16.340Z,2026-09-05T05:02:16.340Z,Sala 5
699,731,88,2026-04-24T02:53:26.160Z,2026-04-24T03:53:26.160Z,Sala 5
700,404,83,2025-12-29T11:26:09.829Z,2025-12-29T12:26:09.829Z,Sala 10
701,158,41,2025-12-17T00:32:40.704Z,2025-12-17T01:32:40.704Z,Sala 4
702,60,61,2026-04-04T11:35:40.528Z,2026-04-04T12:35:40.528Z,Sala 10
703,897,9,2026-05-11T08:28:26.358Z,2026-05-11T09:28:26.358Z,Sala 7
704,773,75,2025-12-22T19:06:59.436Z,2025-12-22T20:06:59.436Z,Sala 8
705,428,8,2026-02-03T23:48:12.118Z,2026-02-04T00:48:12.118Z,Sala 7
706,471,17,2026-04-26T18:30:35.942Z,2026-04-26T19:30:35.942Z,Sala 4
707,548,40,2026-07-27T09:04:31.404Z,2026-07-27T10:04:31.404Z,Sala 9
708,134,98,2026-04-05T07:55:46.357Z,2026-04-05T08:55:46.357Z,Sala 9
709,946,71,2026-10-21T09:46:09.836Z,2026-10-21T10:46:09.836Z,Sala 3
710,857,64,2026-01-12T23:36:55.756Z,2026-01-13T00:36:55.756Z,Sala 4
711,926,53,2026-08-05T10:06:05.512Z,2026-08-05T11:06:05.512Z,Sala 2
712,822,65,2026-11-02T15:31:03.311Z,2026-11-02T16:31:03.311Z,Sala 7
713,406,84,2026-06-26T13:51:21.039Z,2026-06-26T14:51:21.039Z,Sala 5
714,910,29,2025-12-22T02:23:13.065Z,2025-12-22T03:23:13.065Z,Sala 6
715,467,71,2026-06-25T16:50:53.463Z,2026-06-25T17:50:53.463Z,Sala 1
716,236,100,2026-11-08T06:06:47.346Z,2026-11-08T07:06:47.346Z,Sala 7
717,495,40,2026-11-17T09:00:05.757Z,2026-11-17T10:00:05.757Z,Sala 10
718,831,17,2026-01-03T20:33:56.602Z,2026-01-03T21:33:56.602Z,Sala 7
719,290,58,2025-12-04T23:48:28.798Z,2025-12-05T00:48:28.798Z,Sala 4
720,495,26,2026-07-01T10:32:47.216Z,2026-07-01T11:32:47.216Z,Sala 4
721,302,1,2026-03-12T09:03:27.686Z,2026-03-12T10:03:27.686Z,Sala 5
722,560,8,2026-01-04T12:24:45.341Z,2026-01-04T13:24:45.341Z,Sala 5
723,174,90,2026-01-25T13:00:03.993Z,2026-01-25T14:00:03.993Z,Sala 7
724,573,38,2026-10-24T11:02:36.396Z,2026-10-24T12:02:36.396Z,Sala 3
725,664,30,2026-05-19T22:48:46.728Z,2026-05-19T23:48:46.728Z,Sala 8
726,487,59,2026-07-08T13:06:31.731Z,2026-07-08T14:06:31.731Z,Sala 9
727,814,72,2026-05-03T20:37:04.238Z,2026-05-03T21:37:04.238Z,Sala 3
728,956,54,2026-09-10T12:00:00.400Z,2026-09-10T13:00:00.400Z,Sala 4
729,311,2,2025-12-30T01:31:40.486Z,2025-12-30T02:31:40.486Z,Sala 5
730,585,17,2026-09-20T14:47:29.962Z,2026-09-20T15:47:29.962Z,Sala 1
731,221,30,2026-03-15T00:38:10.487Z,2026-03-15T01:38:10.487Z,Sala 9
732,764,23,2026-10-13T06:53:48.863Z,2026-10-13T07:53:48.863Z,Sala 6
733,735,23,2026-03-12T11:31:54.196Z,2026-03-12T12:31:54.196Z,Sala 7
734,161,14,2026-08-23T07:52:56.617Z,2026-08-23T08:52:56.617Z,Sala 1
735,456,93,2026-08-20T03:28:15.768Z,2026-08-20T04:28:15.768Z,Sala 5
736,879,1,2026-10-14T14:04:03.923Z,2026-10-14T15:04:03.923Z,Sala 8
737,929,19,2026-10-15T22:44:54.363Z,2026-10-15T23:44:54.363Z,Sala 3
738,699,91,2026-03-16T08:47:11.116Z,2026-03-16T09:47:11.116Z,Sala 9
739,819,20,2026-03-10T21:56:46.395Z,2026-03-10T22:56:46.395Z,Sala 3
740,566,6,2026-07-05T02:08:54.122Z,2026-07-05T03:08:54.122Z,Sala 1
741,108,56,2026-07-18T14:09:18.096Z,2026-07-18T15:09:18.096Z,Sala 8
742,201,40,2026-01-03T23:07:51.558Z,2026-01-04T00:07:51.558Z,Sala 1
743,318,94,2026-11-16T07:05:28.398Z,2026-11-16T08:05:28.398Z,Sala 2
744,442,87,2025-12-01T23:12:29.947Z,2025-12-02T00:12:29.947Z,Sala 3
745,194,71,2025-12-29T18:38:43.243Z,2025-12-29T19:38:43.243Z,Sala 1
746,370,87,2026-05-02T10:00:40.630Z,2026-05-02T11:00:40.630Z,Sala 3
747,67,31,2026-03-19T06:48:02.616Z,2026-03-19T07:48:02.616Z,Sala 2
748,187,5,2026-11-01T19:36:29.541Z,2026-11-01T20:36:29.541Z,Sala 3
749,359,68,2026-04-27T09:25:20.813Z,2026-04-27T10:25:20.813Z,Sala 2
750,262,1,2026-07-18T05:09:18.385Z,2026-07-18T06:09:18.385Z,Sala 9
751,409,13,2026-03-06T07:06:02.042Z,2026-03-06T08:06:02.042Z,Sala 8
752,832,63,2026-08-27T16:40:18.724Z,2026-08-27T17:40:18.724Z,Sala 8
753,450,10,2026-11-01T03:17:26.010Z,2026-11-01T04:17:26.010Z,Sala 10
754,181,44,2026-03-04T15:46:22.537Z,2026-03-04T16:46:22.537Z,Sala 1
755,195,64,2026-07-03T03:16:04.903Z,2026-07-03T04:16:04.903Z,Sala 10
756,548,76,2026-04-14T02:42:01.898Z,2026-04-14T03:42:01.898Z,Sala 1
757,790,90,2026-07-30T17:18:43.232Z,2026-07-30T18:18:43.232Z,Sala 5
758,710,92,2026-02-19T12:09:19.341Z,2026-02-19T13:09:19.341Z,Sala 6
759,202,44,2026-03-21T17:19:07.727Z,2026-03-21T18:19:07.727Z,Sala 1
760,874,98,2026-01-21T23:13:06.798Z,2026-01-22T00:13:06.798Z,Sala 9
761,770,62,2026-07-22T11:50:30.919Z,2026-07-22T12:50:30.919Z,Sala 9
762,161,56,2026-06-09T06:25:09.298Z,2026-06-09T07:25:09.298Z,Sala 10
763,694,73,2026-11-14T16:55:55.855Z,2026-11-14T17:55:55.855Z,Sala 8
764,227,34,2026-09-29T17:11:32.687Z,2026-09-29T18:11:32.687Z,Sala 2
765,293,42,2026-07-03T03:20:55.724Z,2026-07-03T04:20:55.724Z,Sala 1
766,856,91,2026-01-15T16:02:41.860Z,2026-01-15T17:02:41.860Z,Sala 4
767,741,38,2026-06-22T03:12:47.443Z,2026-06-22T04:12:47.443Z,Sala 7
768,366,87,2026-08-27T16:21:31.457Z,2026-08-27T17:21:31.457Z,Sala 4
769,620,33,2026-02-21T10:48:16.431Z,2026-02-21T11:48:16.431Z,Sala 8
770,300,28,2026-01-05T23:38:53.220Z,2026-01-06T00:38:53.220Z,Sala 6
771,129,17,2026-04-03T12:46:55.108Z,2026-04-03T13:46:55.108Z,Sala 4
772,508,16,2026-06-25T15:22:16.669Z,2026-06-25T16:22:16.669Z,Sala 8
773,553,53,2026-03-29T18:41:41.634Z,2026-03-29T19:41:41.634Z,Sala 6
774,842,52,2026-04-28T08:32:52.942Z,2026-04-28T09:32:52.942Z,Sala 5
775,373,54,2026-04-11T07:15:40.902Z,2026-04-11T08:15:40.902Z,Sala 4
776,498,27,2025-12-17T18:02:21.352Z,2025-12-17T19:02:21.352Z,Sala 9
777,218,63,2026-02-15T06:23:36.245Z,2026-02-15T07:23:36.245Z,Sala 5
778,955,67,2026-04-18T01:30:02.051Z,2026-04-18T02:30:02.051Z,Sala 6
779,967,13,2025-11-22T23:19:54.404Z,2025-11-23T00:19:54.404Z,Sala 5
780,491,17,2026-11-18T17:12:44.892Z,2026-11-18T18:12:44.892Z,Sala 7
781,541,9,2026-10-29T08:06:08.063Z,2026-10-29T09:06:08.063Z,Sala 9
782,920,46,2026-10-19T07:19:45.787Z,2026-10-19T08:19:45.787Z,Sala 1
783,657,72,2026-08-13T09:16:33.153Z,2026-08-13T10:16:33.153Z,Sala 4
784,583,100,2026-08-31T12:11:17.435Z,2026-08-31T13:11:17.435Z,Sala 6
785,144,77,2026-01-22T03:35:12.803Z,2026-01-22T04:35:12.803Z,Sala 1
786,588,68,2026-06-20T23:03:57.896Z,2026-06-21T00:03:57.896Z,Sala 4
787,538,13,2025-12-04T08:50:01.509Z,2025-12-04T09:50:01.509Z,Sala 3
788,993,18,2026-03-23T11:16:13.291Z,2026-03-23T12:16:13.291Z,Sala 2
789,853,82,2026-06-20T11:09:48.269Z,2026-06-20T12:09:48.269Z,Sala 1
790,892,75,2026-10-24T02:28:22.610Z,2026-10-24T03:28:22.610Z,Sala 2
791,993,58,2026-03-28T01:31:10.553Z,2026-03-28T02:31:10.553Z,Sala 5
792,329,18,2026-04-01T14:57:45.136Z,2026-04-01T15:57:45.136Z,Sala 9
793,574,100,2026-03-29T20:21:50.624Z,2026-03-29T21:21:50.624Z,Sala 4
794,304,32,2026-03-18T23:19:51.156Z,2026-03-19T00:19:51.156Z,Sala 7
795,31,99,2026-03-27T18:35:12.568Z,2026-03-27T19:35:12.568Z,Sala 6
796,870,85,2026-06-22T11:51:07.419Z,2026-06-22T12:51:07.419Z,Sala 6
797,843,50,2026-02-26T23:34:10.201Z,2026-02-27T00:34:10.201Z,Sala 9
798,316,68,2026-09-23T10:37:21.413Z,2026-09-23T11:37:21.413Z,Sala 9
799,102,48,2026-11-08T03:57:12.726Z,2026-11-08T04:57:12.726Z,Sala 2
800,687,49,2026-03-25T06:52:06.626Z,2026-03-25T07:52:06.626Z,Sala 2
801,995,33,2025-12-24T08:08:09.691Z,2025-12-24T09:08:09.691Z,Sala 1
802,886,28,2026-07-27T18:42:01.378Z,2026-07-27T19:42:01.378Z,Sala 10
803,824,54,2026-10-25T12:54:46.777Z,2026-10-25T13:54:46.777Z,Sala 10
804,221,28,2025-11-20T22:07:17.091Z,2025-11-20T23:07:17.091Z,Sala 2
805,429,75,2026-09-18T16:04:07.765Z,2026-09-18T17:04:07.765Z,Sala 2
806,236,69,2026-04-13T23:43:42.634Z,2026-04-14T00:43:42.634Z,Sala 1
807,485,98,2026-09-26T20:15:05.106Z,2026-09-26T21:15:05.106Z,Sala 5
808,898,64,2026-04-30T03:48:57.265Z,2026-04-30T04:48:57.265Z,Sala 5
809,309,36,2026-11-03T17:56:53.381Z,2026-11-03T18:56:53.381Z,Sala 6
810,120,55,2026-09-11T01:23:14.758Z,2026-09-11T02:23:14.758Z,Sala 10
811,722,52,2025-12-01T01:08:05.247Z,2025-12-01T02:08:05.247Z,Sala 9
812,817,35,2025-11-28T04:39:53.543Z,2025-11-28T05:39:53.543Z,Sala 6
813,770,14,2026-09-26T14:27:04.615Z,2026-09-26T15:27:04.615Z,Sala 10
814,800,65,2025-12-18T00:07:51.292Z,2025-12-18T01:07:51.292Z,Sala 8
815,540,2,2025-12-27T18:54:21.979Z,2025-12-27T19:54:21.979Z,Sala 3
816,438,17,2026-07-22T10:39:24.450Z,2026-07-22T11:39:24.450Z,Sala 2
817,712,95,2026-02-22T03:38:33.122Z,2026-02-22T04:38:33.122Z,Sala 6
818,567,69,2026-03-29T08:04:38.346Z,2026-03-29T09:04:38.346Z,Sala 2
819,309,79,2026-03-22T15:18:02.635Z,2026-03-22T16:18:02.635Z,Sala 5
820,400,88,2026-01-04T02:21:54.289Z,2026-01-04T03:21:54.289Z,Sala 7
821,739,15,2026-05-28T09:56:33.101Z,2026-05-28T10:56:33.101Z,Sala 2
822,290,100,2026-05-06T08:13:43.572Z,2026-05-06T09:13:43.572Z,Sala 8
823,969,36,2026-05-26T00:50:57.599Z,2026-05-26T01:50:57.599Z,Sala 4
824,225,3,2026-09-17T02:12:44.134Z,2026-09-17T03:12:44.134Z,Sala 4
825,124,4,2026-09-22T06:48:34.824Z,2026-09-22T07:48:34.824Z,Sala 5
826,604,32,2026-01-18T01:39:58.085Z,2026-01-18T02:39:58.085Z,Sala 6
827,207,90,2026-02-02T22:58:10.053Z,2026-02-02T23:58:10.053Z,Sala 10
828,645,60,2026-09-28T22:00:46.941Z,2026-09-28T23:00:46.941Z,Sala 10
829,460,74,2026-04-10T05:15:15.244Z,2026-04-10T06:15:15.244Z,Sala 3
830,207,75,2026-07-28T16:31:38.038Z,2026-07-28T17:31:38.038Z,Sala 2
831,372,95,2026-01-16T21:52:14.232Z,2026-01-16T22:52:14.232Z,Sala 1
832,225,76,2026-08-09T19:22:41.531Z,2026-08-09T20:22:41.531Z,Sala 8
833,321,39,2026-10-06T11:28:04.625Z,2026-10-06T12:28:04.625Z,Sala 5
834,741,93,2026-08-23T01:49:10.718Z,2026-08-23T02:49:10.718Z,Sala 10
835,228,73,2026-08-17T14:02:08.509Z,2026-08-17T15:02:08.509Z,Sala 2
836,28,73,2025-12-20T11:38:38.833Z,2025-12-20T12:38:38.833Z,Sala 8
837,357,6,2026-02-22T15:24:05.721Z,2026-02-22T16:24:05.721Z,Sala 8
838,732,11,2026-06-29T16:52:37.507Z,2026-06-29T17:52:37.507Z,Sala 3
839,845,78,2026-08-17T11:06:13.029Z,2026-08-17T12:06:13.029Z,Sala 1
840,588,63,2026-11-06T13:39:33.321Z,2026-11-06T14:39:33.321Z,Sala 2
841,610,88,2026-04-16T11:01:34.734Z,2026-04-16T12:01:34.734Z,Sala 6
842,908,45,2026-06-28T20:21:18.030Z,2026-06-28T21:21:18.030Z,Sala 4
843,244,6,2026-02-28T03:22:45.347Z,2026-02-28T04:22:45.347Z,Sala 8
844,810,39,2026-06-28T17:19:39.392Z,2026-06-28T18:19:39.392Z,Sala 10
845,778,66,2026-11-11T08:08:43.228Z,2026-11-11T09:08:43.228Z,Sala 10
846,970,41,2026-08-31T21:41:33.010Z,2026-08-31T22:41:33.010Z,Sala 9
847,872,82,2026-01-04T18:39:37.467Z,2026-01-04T19:39:37.467Z,Sala 8
848,925,55,2026-06-13T13:03:41.554Z,2026-06-13T14:03:41.554Z,Sala 5
849,849,35,2026-07-16T04:12:40.191Z,2026-07-16T05:12:40.191Z,Sala 1
850,927,21,2026-09-05T19:59:07.283Z,2026-09-05T20:59:07.283Z,Sala 4
851,592,78,2025-11-26T04:42:34.132Z,2025-11-26T05:42:34.132Z,Sala 1
852,913,1,2026-08-20T08:04:36.064Z,2026-08-20T09:04:36.064Z,Sala 9
853,907,91,2026-07-17T21:44:37.474Z,2026-07-17T22:44:37.474Z,Sala 5
854,62,24,2025-11-29T20:10:34.041Z,2025-11-29T21:10:34.041Z,Sala 9
855,683,23,2026-09-12T17:14:41.751Z,2026-09-12T18:14:41.751Z,Sala 1
856,136,42,2026-09-13T07:42:33.667Z,2026-09-13T08:42:33.667Z,Sala 10
857,361,42,2025-12-03T21:32:57.801Z,2025-12-03T22:32:57.801Z,Sala 10
858,379,87,2026-02-24T08:40:16.862Z,2026-02-24T09:40:16.862Z,Sala 6
859,380,7,2026-09-23T02:25:06.434Z,2026-09-23T03:25:06.434Z,Sala 10
860,971,15,2026-03-08T18:15:35.898Z,2026-03-08T19:15:35.898Z,Sala 1
861,272,46,2026-09-09T09:10:58.933Z,2026-09-09T10:10:58.933Z,Sala 5
862,296,28,2026-10-27T02:50:49.337Z,2026-10-27T03:50:49.337Z,Sala 7
863,661,20,2026-02-14T07:21:22.442Z,2026-02-14T08:21:22.442Z,Sala 2
864,992,16,2026-02-12T08:42:06.249Z,2026-02-12T09:42:06.249Z,Sala 9
865,324,65,2026-10-08T01:39:28.929Z,2026-10-08T02:39:28.929Z,Sala 8
866,47,55,2026-06-22T15:13:40.345Z,2026-06-22T16:13:40.345Z,Sala 6
867,836,88,2025-12-11T11:55:32.469Z,2025-12-11T12:55:32.469Z,Sala 2
868,241,81,2026-07-31T04:16:20.403Z,2026-07-31T05:16:20.403Z,Sala 8
869,439,6,2026-04-29T17:03:32.246Z,2026-04-29T18:03:32.246Z,Sala 8
870,469,28,2026-01-25T00:52:53.284Z,2026-01-25T01:52:53.284Z,Sala 10
871,76,98,2026-01-29T19:34:24.018Z,2026-01-29T20:34:24.018Z,Sala 7
872,659,12,2026-04-04T13:18:40.267Z,2026-04-04T14:18:40.267Z,Sala 6
873,354,32,2026-08-04T01:46:04.867Z,2026-08-04T02:46:04.867Z,Sala 5
874,157,5,2026-03-27T03:14:04.769Z,2026-03-27T04:14:04.769Z,Sala 7
875,636,95,2026-06-09T10:15:18.612Z,2026-06-09T11:15:18.612Z,Sala 5
876,808,97,2026-09-13T17:56:16.840Z,2026-09-13T18:56:16.840Z,Sala 10
877,745,1,2026-01-18T23:14:54.958Z,2026-01-19T00:14:54.958Z,Sala 7
878,533,11,2026-01-03T09:15:20.821Z,2026-01-03T10:15:20.821Z,Sala 3
879,99,33,2026-09-18T07:28:10.790Z,2026-09-18T08:28:10.790Z,Sala 3
880,920,39,2026-03-29T14:19:52.964Z,2026-03-29T15:19:52.964Z,Sala 7
881,545,44,2026-02-27T00:49:39.323Z,2026-02-27T01:49:39.323Z,Sala 3
882,491,8,2025-12-11T00:04:22.357Z,2025-12-11T01:04:22.357Z,Sala 2
883,434,18,2026-04-09T20:25:54.475Z,2026-04-09T21:25:54.475Z,Sala 7
884,364,3,2026-10-05T21:34:00.394Z,2026-10-05T22:34:00.394Z,Sala 1
885,97,32,2026-07-19T01:57:00.387Z,2026-07-19T02:57:00.387Z,Sala 3
886,295,41,2026-04-26T16:34:13.036Z,2026-04-26T17:34:13.036Z,Sala 3
887,402,32,2026-10-22T12:25:13.209Z,2026-10-22T13:25:13.209Z,Sala 3
888,859,85,2026-10-31T11:15:03.082Z,2026-10-31T12:15:03.082Z,Sala 9
889,528,90,2026-07-25T08:24:37.642Z,2026-07-25T09:24:37.642Z,Sala 8
890,248,10,2025-12-09T11:35:48.727Z,2025-12-09T12:35:48.727Z,Sala 2
891,216,59,2026-01-06T17:09:38.319Z,2026-01-06T18:09:38.319Z,Sala 6
892,232,31,2026-06-12T16:34:12.300Z,2026-06-12T17:34:12.300Z,Sala 4
893,68,88,2026-08-15T13:54:51.673Z,2026-08-15T14:54:51.673Z,Sala 3
894,673,28,2026-01-08T03:54:41.622Z,2026-01-08T04:54:41.622Z,Sala 6
895,70,17,2026-07-13T05:01:37.631Z,2026-07-13T06:01:37.631Z,Sala 6
896,402,61,2026-09-03T10:51:26.406Z,2026-09-03T11:51:26.406Z,Sala 5
897,60,20,2026-03-11T19:18:11.702Z,2026-03-11T20:18:11.702Z,Sala 1
898,747,68,2025-11-29T07:52:34.048Z,2025-11-29T08:52:34.048Z,Sala 7
899,505,93,2026-08-26T02:34:59.176Z,2026-08-26T03:34:59.176Z,Sala 3
900,521,71,2026-07-22T00:16:25.850Z,2026-07-22T01:16:25.850Z,Sala 2
901,241,28,2026-04-05T02:06:57.595Z,2026-04-05T03:06:57.595Z,Sala 4
902,744,82,2026-05-22T22:21:20.331Z,2026-05-22T23:21:20.331Z,Sala 10
903,245,55,2026-02-15T04:47:51.670Z,2026-02-15T05:47:51.670Z,Sala 1
904,811,38,2026-07-21T23:09:59.918Z,2026-07-22T00:09:59.918Z,Sala 4
905,600,60,2026-02-13T09:44:48.153Z,2026-02-13T10:44:48.153Z,Sala 3
906,680,47,2026-05-17T02:03:43.683Z,2026-05-17T03:03:43.683Z,Sala 7
907,355,22,2026-01-26T08:10:55.967Z,2026-01-26T09:10:55.967Z,Sala 5
908,877,60,2026-02-21T17:33:02.819Z,2026-02-21T18:33:02.819Z,Sala 9
909,625,31,2026-10-04T05:39:34.682Z,2026-10-04T06:39:34.682Z,Sala 9
910,696,86,2026-11-16T16:24:23.126Z,2026-11-16T17:24:23.126Z,Sala 9
911,308,43,2026-11-01T19:30:42.325Z,2026-11-01T20:30:42.325Z,Sala 8
912,81,3,2026-06-29T07:13:11.700Z,2026-06-29T08:13:11.700Z,Sala 1
913,342,92,2025-11-27T13:18:40.476Z,2025-11-27T14:18:40.476Z,Sala 7
914,295,68,2026-09-04T21:05:51.278Z,2026-09-04T22:05:51.278Z,Sala 3
915,838,57,2026-07-29T17:57:20.978Z,2026-07-29T18:57:20.978Z,Sala 6
916,975,17,2026-07-03T15:47:43.881Z,2026-07-03T16:47:43.881Z,Sala 9
917,921,79,2026-10-12T14:26:58.179Z,2026-10-12T15:26:58.179Z,Sala 10
918,368,21,2025-12-15T03:09:57.422Z,2025-12-15T04:09:57.422Z,Sala 10
919,240,27,2025-12-24T05:26:07.279Z,2025-12-24T06:26:07.279Z,Sala 1
920,16,1,2025-12-28T02:28:07.643Z,2025-12-28T03:28:07.643Z,Sala 5
921,931,4,2025-12-18T16:56:15.811Z,2025-12-18T17:56:15.811Z,Sala 1
922,172,43,2026-02-23T06:18:31.362Z,2026-02-23T07:18:31.362Z,Sala 3
923,465,74,2026-09-14T19:54:23.016Z,2026-09-14T20:54:23.016Z,Sala 8
924,436,94,2026-05-06T04:00:17.690Z,2026-05-06T05:00:17.690Z,Sala 10
925,439,42,2026-08-13T12:38:00.613Z,2026-08-13T13:38:00.613Z,Sala 2
926,583,16,2025-12-08T21:12:45.320Z,2025-12-08T22:12:45.320Z,Sala 9
927,92,57,2026-11-12T15:01:07.408Z,2026-11-12T16:01:07.408Z,Sala 2
928,471,5,2026-03-26T10:22:23.766Z,2026-03-26T11:22:23.766Z,Sala 7
929,476,49,2026-07-07T12:12:10.798Z,2026-07-07T13:12:10.798Z,Sala 3
930,735,40,2026-07-11T01:47:33.992Z,2026-07-11T02:47:33.992Z,Sala 5
931,866,14,2026-11-19T00:07:37.618Z,2026-11-19T01:07:37.618Z,Sala 3
932,427,66,2026-08-30T16:43:49.729Z,2026-08-30T17:43:49.729Z,Sala 9
933,672,56,2026-09-19T19:29:22.100Z,2026-09-19T20:29:22.100Z,Sala 4
934,230,67,2026-01-19T02:32:42.097Z,2026-01-19T03:32:42.097Z,Sala 6
935,959,87,2026-03-22T03:52:21.001Z,2026-03-22T04:52:21.001Z,Sala 10
936,514,36,2026-05-05T03:53:03.119Z,2026-05-05T04:53:03.119Z,Sala 10
937,850,1,2026-03-21T09:03:45.773Z,2026-03-21T10:03:45.773Z,Sala 4
938,259,76,2026-06-14T03:43:06.353Z,2026-06-14T04:43:06.353Z,Sala 3
939,411,75,2026-04-10T19:45:48.082Z,2026-04-10T20:45:48.082Z,Sala 1
940,925,61,2026-07-17T17:45:49.685Z,2026-07-17T18:45:49.685Z,Sala 6
941,115,15,2026-11-07T03:08:33.407Z,2026-11-07T04:08:33.407Z,Sala 10
942,146,8,2026-05-21T12:51:46.082Z,2026-05-21T13:51:46.082Z,Sala 6
943,715,17,2026-10-03T00:18:00.463Z,2026-10-03T01:18:00.463Z,Sala 3
944,534,44,2026-04-19T19:33:18.353Z,2026-04-19T20:33:18.353Z,Sala 4
945,101,6,2026-03-05T12:01:30.951Z,2026-03-05T13:01:30.951Z,Sala 7
946,923,53,2026-01-03T06:44:29.388Z,2026-01-03T07:44:29.388Z,Sala 1
947,638,49,2026-08-19T14:38:19.988Z,2026-08-19T15:38:19.988Z,Sala 3
948,728,25,2026-06-07T12:55:22.544Z,2026-06-07T13:55:22.544Z,Sala 3
949,841,43,2025-12-12T21:28:23.045Z,2025-12-12T22:28:23.045Z,Sala 6
950,865,79,2026-04-30T08:47:16.756Z,2026-04-30T09:47:16.756Z,Sala 9
951,431,3,2026-06-22T22:58:21.560Z,2026-06-22T23:58:21.560Z,Sala 2
952,466,2,2026-09-24T23:03:08.286Z,2026-09-25T00:03:08.286Z,Sala 2
953,831,44,2026-03-02T04:56:15.062Z,2026-03-02T05:56:15.062Z,Sala 10
954,349,34,2026-09-27T23:50:52.657Z,2026-09-28T00:50:52.657Z,Sala 1
955,201,81,2026-03-05T18:05:22.647Z,2026-03-05T19:05:22.647Z,Sala 1
956,676,47,2026-11-10T01:18:00.666Z,2026-11-10T02:18:00.666Z,Sala 4
957,252,34,2026-07-31T20:05:10.019Z,2026-07-31T21:05:10.019Z,Sala 9
958,27,92,2026-09-22T18:30:42.873Z,2026-09-22T19:30:42.873Z,Sala 9
959,928,48,2025-11-25T18:02:03.462Z,2025-11-25T19:02:03.462Z,Sala 8
960,559,55,2025-11-25T23:36:32.976Z,2025-11-26T00:36:32.976Z,Sala 9
961,270,14,2026-10-24T08:05:54.731Z,2026-10-24T09:05:54.731Z,Sala 7
962,214,4,2026-03-28T14:50:34.896Z,2026-03-28T15:50:34.896Z,Sala 3
963,671,19,2026-09-21T01:29:58.191Z,2026-09-21T02:29:58.191Z,Sala 2
964,655,17,2026-01-17T02:12:21.214Z,2026-01-17T03:12:21.214Z,Sala 8
965,419,6,2025-12-17T11:21:33.523Z,2025-12-17T12:21:33.523Z,Sala 2
966,849,99,2026-07-25T06:37:03.611Z,2026-07-25T07:37:03.611Z,Sala 5
967,887,54,2026-06-12T09:51:05.030Z,2026-06-12T10:51:05.030Z,Sala 4
968,967,73,2026-02-11T20:01:26.838Z,2026-02-11T21:01:26.838Z,Sala 10
969,470,51,2026-07-25T05:09:37.302Z,2026-07-25T06:09:37.302Z,Sala 10
970,404,25,2026-06-19T11:12:33.110Z,2026-06-19T12:12:33.110Z,Sala 6
971,982,83,2026-04-03T21:34:57.982Z,2026-04-03T22:34:57.982Z,Sala 3
972,403,30,2026-01-06T12:09:53.353Z,2026-01-06T13:09:53.353Z,Sala 3
973,530,22,2026-03-31T19:24:48.291Z,2026-03-31T20:24:48.291Z,Sala 7
974,35,14,2026-05-27T12:41:17.102Z,2026-05-27T13:41:17.102Z,Sala 1
975,909,58,2026-04-13T16:00:06.383Z,2026-04-13T17:00:06.383Z,Sala 6
976,714,47,2026-04-24T23:14:23.081Z,2026-04-25T00:14:23.081Z,Sala 2
977,254,3,2026-08-25T08:49:52.646Z,2026-08-25T09:49:52.646Z,Sala 1
978,421,11,2026-03-25T10:40:37.084Z,2026-03-25T11:40:37.084Z,Sala 3
979,840,71,2026-02-06T22:17:37.542Z,2026-02-06T23:17:37.542Z,Sala 10
980,524,40,2026-01-15T19:22:11.021Z,2026-01-15T20:22:11.021Z,Sala 5
981,507,4,2026-02-23T20:00:04.077Z,2026-02-23T21:00:04.077Z,Sala 2
982,218,33,2026-01-08T23:07:35.223Z,2026-01-09T00:07:35.223Z,Sala 9
983,450,59,2026-05-20T19:50:15.767Z,2026-05-20T20:50:15.767Z,Sala 10
984,884,19,2026-04-05T02:35:23.963Z,2026-04-05T03:35:23.963Z,Sala 3
985,848,47,2026-08-12T01:06:57.610Z,2026-08-12T02:06:57.610Z,Sala 3
986,492,18,2026-02-09T14:14:26.030Z,2026-02-09T15:14:26.030Z,Sala 3
987,619,86,2026-11-13T18:15:15.415Z,2026-11-13T19:15:15.415Z,Sala 8
988,838,19,2026-03-14T00:25:09.484Z,2026-03-14T01:25:09.484Z,Sala 1
989,612,30,2026-05-28T02:20:28.115Z,2026-05-28T03:20:28.115Z,Sala 2
990,590,56,2025-12-31T08:08:26.678Z,2025-12-31T09:08:26.678Z,Sala 9
991,784,57,2026-01-01T13:42:16.086Z,2026-01-01T14:42:16.086Z,Sala 1
992,173,32,2026-02-16T21:17:57.320Z,2026-02-16T22:17:57.320Z,Sala 9
993,920,54,2026-08-02T08:36:57.990Z,2026-08-02T09:36:57.990Z,Sala 5
994,880,21,2025-12-12T07:38:22.106Z,2025-12-12T08:38:22.106Z,Sala 3
995,963,3,2026-04-05T23:31:52.642Z,2026-04-06T00:31:52.642Z,Sala 8
996,489,67,2026-06-26T17:45:54.221Z,2026-06-26T18:45:54.221Z,Sala 7
997,581,24,2026-03-03T13:23:38.677Z,2026-03-03T14:23:38.677Z,Sala 6
998,796,53,2026-02-19T04:25:13.722Z,2026-02-19T05:25:13.722Z,Sala 9
999,493,40,2026-04-27T13:35:27.013Z,2026-04-27T14:35:27.013Z,Sala 6
1000,782,90,2026-05-15T13:24:55.388Z,2026-05-15T14:24:55.388Z,Sala 4
