IdInscripcion,IdHorario,IdSocio,FechaInscrito,Estado
1,823,91,2025-11-18T03:26:26.853Z,Inscrito
2,753,92,2025-11-18T21:45:08.659Z,Inscrito
3,109,88,2025-11-18T17:13:24.066Z,Inscrito
4,885,98,2025-11-18T12:33:03.110Z,Inscrito
5,929,36,2025-11-18T02:00:40.119Z,Inscrito
6,268,44,2025-11-18T20:15:00.072Z,Inscrito
7,133,10,2025-11-18T01:43:59.256Z,Inscrito
8,32,22,2025-11-18T18:14:11.570Z,Inscrito
9,65,93,2025-11-18T21:46:47.881Z,Inscrito
10,606,16,2025-11-18T07:36:15.788Z,Inscrito
11,538,10,2025-11-19T01:26:46.842Z,Inscrito
12,166,94,2025-11-18T16:57:14.856Z,Inscrito
13,112,82,2025-11-18T20:11:20.488Z,Inscrito
14,13,82,2025-11-18T03:00:58.783Z,Inscrito
15,121,16,2025-11-18T16:46:54.298Z,Inscrito
16,157,36,2025-11-18T06:20:34.150Z,Inscrito
17,217,17,2025-11-18T15:33:36.838Z,Inscrito
18,599,62,2025-11-18T10:08:58.159Z,Inscrito
19,466,53,2025-11-18T09:37:25.324Z,Inscrito
20,156,91,2025-11-18T08:20:51.677Z,Inscrito
21,777,71,2025-11-18T07:48:05.746Z,Inscrito
22,516,39,2025-11-19T00:25:30.254Z,Inscrito
23,810,22,2025-11-18T23:39:59.200Z,Inscrito
24,392,2,2025-11-18T17:43:04.457Z,Inscrito
25,568,29,2025-11-18T17:49:48.647Z,Inscrito
26,422,67,2025-11-18T15:51:32.111Z,Inscrito
27,678,19,2025-11-19T00:51:39.574Z,Inscrito
28,210,59,2025-11-18T15:55:37.917Z,Inscrito
29,779,14,2025-11-18T04:41:13.123Z,Inscrito
30,899,14,2025-11-18T13:14:37.041Z,Inscrito
31,86,54,2025-11-18T03:57:46.160Z,Inscrito
32,773,34,2025-11-18T07:15:54.287Z,Inscrito
33,613,62,2025-11-18T08:48:29.514Z,Inscrito
34,153,46,2025-11-18T14:45:22.887Z,Inscrito
35,81,59,2025-11-18T04:43:29.627Z,Inscrito
36,449,33,2025-11-18T11:24:02.292Z,Inscrito
37,474,12,2025-11-18T11:58:41.946Z,Inscrito
38,69,97,2025-11-18T07:34:24.458Z,Inscrito
39,251,43,2025-11-18T20:06:47.573Z,Inscrito
40,152,23,2025-11-18T05:32:10.619Z,Inscrito
41,516,25,2025-11-18T14:12:26.080Z,Inscrito
42,691,34,2025-11-18T05:26:23.646Z,Inscrito
43,590,73,2025-11-18T02:23:39.174Z,Inscrito
44,678,71,2025-11-18T20:06:24.367Z,Inscrito
45,924,55,2025-11-19T00:18:41.050Z,Inscrito
46,562,58,2025-11-18T11:07:38.660Z,Inscrito
47,509,33,2025-11-18T01:49:27.463Z,Inscrito
48,146,88,2025-11-18T18:44:58.207Z,Inscrito
49,369,83,2025-11-18T21:22:17.986Z,Inscrito
50,739,13,2025-11-18T13:20:52.822Z,Inscrito
51,334,3,2025-11-18T23:48:30.995Z,Inscrito
52,62,93,2025-11-18T23:50:49.793Z,Inscrito
53,605,3,2025-11-19T00:44:13.339Z,Inscrito
54,957,3,2025-11-18T10:29:29.425Z,Inscrito
55,885,85,2025-11-18T03:21:28.686Z,Inscrito
56,863,50,2025-11-18T15:41:14.594Z,Inscrito
57,723,77,2025-11-19T01:15:13.576Z,Inscrito
58,529,51,2025-11-18T09:50:10.808Z,Inscrito
59,115,42,2025-11-18T10:26:02.017Z,Inscrito
60,402,56,2025-11-18T18:49:11.748Z,Inscrito
61,477,32,2025-11-18T07:29:17.749Z,Inscrito
62,339,4,2025-11-18T14:08:28.823Z,Inscrito
63,310,97,2025-11-18T01:55:32.966Z,Inscrito
64,112,100,2025-11-18T01:40:50.110Z,Inscrito
65,922,15,2025-11-18T16:47:34.682Z,Inscrito
66,292,55,2025-11-18T15:12:47.271Z,Inscrito
67,940,87,2025-11-18T10:35:29.215Z,Inscrito
68,840,35,2025-11-19T01:14:20.350Z,Inscrito
69,388,83,2025-11-19T00:02:44.356Z,Inscrito
70,687,83,2025-11-18T19:18:37.377Z,Inscrito
71,216,2,2025-11-18T04:59:07.724Z,Inscrito
72,611,9,2025-11-18T06:56:41.473Z,Inscrito
73,360,34,2025-11-18T09:19:09.905Z,Inscrito
74,125,33,2025-11-18T05:23:30.023Z,Inscrito
75,26,18,2025-11-18T12:02:24.002Z,Inscrito
76,688,85,2025-11-18T15:27:50.920Z,Inscrito
77,849,17,2025-11-18T09:06:44.301Z,Inscrito
78,278,100,2025-11-18T19:10:22.603Z,Inscrito
79,166,57,2025-11-18T15:20:44.144Z,Inscrito
80,78,94,2025-11-18T07:03:18.610Z,Inscrito
81,511,48,2025-11-18T01:43:29.556Z,Inscrito
82,51,82,2025-11-18T02:32:40.730Z,Inscrito
83,185,2,2025-11-18T09:04:37.923Z,Inscrito
84,707,34,2025-11-18T06:57:44.457Z,Inscrito
85,607,42,2025-11-18T03:17:21.310Z,Inscrito
86,583,85,2025-11-18T23:12:48.616Z,Inscrito
87,322,46,2025-11-18T13:52:12.341Z,Inscrito
88,745,94,2025-11-18T13:56:48.438Z,Inscrito
89,168,54,2025-11-18T18:01:36.406Z,Inscrito
90,437,76,2025-11-18T10:38:54.303Z,Inscrito
91,423,98,2025-11-18T02:45:58.116Z,Inscrito
92,864,46,2025-11-18T16:32:12.265Z,Inscrito
93,220,10,2025-11-18T15:07:36.966Z,Inscrito
94,917,90,2025-11-18T07:19:42.522Z,Inscrito
95,43,17,2025-11-18T11:23:12.713Z,Inscrito
96,856,45,2025-11-18T10:06:34.015Z,Inscrito
97,657,28,2025-11-18T09:20:57.152Z,Inscrito
98,682,27,2025-11-18T07:26:57.296Z,Inscrito
99,345,1,2025-11-19T00:14:06.466Z,Inscrito
100,607,62,2025-11-18T03:17:45.809Z,Inscrito
101,303,27,2025-11-18T06:02:34.430Z,Inscrito
102,38,33,2025-11-18T06:29:14.828Z,Inscrito
103,965,68,2025-11-18T11:56:28.861Z,Inscrito
104,130,92,2025-11-18T02:38:16.939Z,Inscrito
105,801,100,2025-11-18T21:51:13.535Z,Inscrito
106,31,51,2025-11-18T10:19:38.144Z,Inscrito
107,99,2,2025-11-18T12:57:22.257Z,Inscrito
108,402,57,2025-11-18T05:38:18.971Z,Inscrito
109,150,89,2025-11-18T18:02:07.528Z,Inscrito
110,181,87,2025-11-18T20:27:00.673Z,Inscrito
111,583,86,2025-11-18T02:11:50.306Z,Inscrito
112,748,23,2025-11-19T01:32:16.950Z,Inscrito
113,125,14,2025-11-18T16:40:10.870Z,Inscrito
114,697,51,2025-11-18T21:27:37.609Z,Inscrito
115,212,49,2025-11-18T05:24:28.371Z,Inscrito
116,88,34,2025-11-18T03:19:31.266Z,Inscrito
117,79,84,2025-11-18T11:38:19.063Z,Inscrito
118,751,80,2025-11-18T07:08:47.729Z,Inscrito
119,625,35,2025-11-18T03:34:37.326Z,Inscrito
120,878,17,2025-11-18T03:35:38.746Z,Inscrito
121,500,31,2025-11-18T13:53:36.978Z,Inscrito
122,230,71,2025-11-18T12:47:39.172Z,Inscrito
123,783,22,2025-11-18T12:53:27.836Z,Inscrito
124,987,29,2025-11-18T09:28:06.422Z,Inscrito
125,925,36,2025-11-18T05:55:46.720Z,Inscrito
126,144,70,2025-11-18T22:06:16.500Z,Inscrito
127,415,86,2025-11-19T00:35:37.627Z,Inscrito
128,798,54,2025-11-18T13:04:32.533Z,Inscrito
129,559,97,2025-11-18T03:04:36.902Z,Inscrito
130,867,63,2025-11-18T03:53:04.210Z,Inscrito
131,869,2,2025-11-19T01:13:28.330Z,Inscrito
132,714,72,2025-11-18T23:20:59.644Z,Inscrito
133,714,25,2025-11-18T15:10:20.928Z,Inscrito
134,609,63,2025-11-18T02:34:36.901Z,Inscrito
135,166,69,2025-11-18T03:55:20.281Z,Inscrito
136,602,49,2025-11-18T19:41:26.360Z,Inscrito
137,669,100,2025-11-18T09:58:00.099Z,Inscrito
138,721,59,2025-11-18T13:51:15.510Z,Inscrito
139,754,23,2025-11-18T21:54:24.965Z,Inscrito
140,119,73,2025-11-18T23:03:28.354Z,Inscrito
141,867,89,2025-11-18T07:42:54.876Z,Inscrito
142,401,26,2025-11-18T05:27:49.637Z,Inscrito
143,875,68,2025-11-18T08:21:43.704Z,Inscrito
144,214,85,2025-11-18T15:21:51.885Z,Inscrito
145,996,4,2025-11-18T04:09:23.725Z,Inscrito
146,186,16,2025-11-18T20:45:15.283Z,Inscrito
147,661,46,2025-11-18T10:16:24.339Z,Inscrito
148,440,23,2025-11-18T21:13:55.313Z,Inscrito
149,243,60,2025-11-18T12:17:10.398Z,Inscrito
150,741,35,2025-11-18T02:16:31.993Z,Inscrito
151,257,30,2025-11-18T05:38:33.884Z,Inscrito
152,503,99,2025-11-18T06:59:02.201Z,Inscrito
153,164,35,2025-11-18T18:43:19.487Z,Inscrito
154,560,43,2025-11-18T05:08:08.098Z,Inscrito
155,931,53,2025-11-18T21:15:16.402Z,Inscrito
156,260,23,2025-11-18T17:13:41.564Z,Inscrito
157,680,21,2025-11-18T10:16:58.154Z,Inscrito
158,542,1,2025-11-18T22:14:14.696Z,Inscrito
159,659,41,2025-11-18T22:41:52.919Z,Inscrito
160,914,91,2025-11-18T07:45:54.765Z,Inscrito
161,932,42,2025-11-18T14:52:32.268Z,Inscrito
162,885,2,2025-11-18T05:57:20.772Z,Inscrito
163,530,33,2025-11-18T10:27:11.564Z,Inscrito
164,553,62,2025-11-18T18:19:27.809Z,Inscrito
165,512,62,2025-11-18T08:10:34.780Z,Inscrito
166,282,73,2025-11-18T19:31:42.820Z,Inscrito
167,523,44,2025-11-18T09:08:44.197Z,Inscrito
168,632,79,2025-11-19T00:04:19.013Z,Inscrito
169,93,96,2025-11-18T06:19:19.217Z,Inscrito
170,44,5,2025-11-18T18:42:12.971Z,Inscrito
171,362,16,2025-11-18T10:37:47.303Z,Inscrito
172,536,72,2025-11-18T09:40:55.691Z,Inscrito
173,885,12,2025-11-18T18:45:01.822Z,Inscrito
174,854,53,2025-11-18T16:11:11.817Z,Inscrito
175,636,65,2025-11-18T02:24:53.295Z,Inscrito
176,118,12,2025-11-18T12:12:50.390Z,Inscrito
177,50,84,2025-11-18T03:00:31.827Z,Inscrito
178,544,90,2025-11-18T17:56:42.053Z,Inscrito
179,746,17,2025-11-18T04:18:28.295Z,Inscrito
180,292,20,2025-11-18T22:17:40.506Z,Inscrito
181,346,26,2025-11-18T21:18:44.813Z,Inscrito
182,290,94,2025-11-18T07:06:21.299Z,Inscrito
183,356,36,2025-11-18T08:40:08.129Z,Inscrito
184,972,42,2025-11-19T00:37:18.487Z,Inscrito
185,80,75,2025-11-18T02:12:08.315Z,Inscrito
186,747,92,2025-11-18T02:32:56.067Z,Inscrito
187,839,89,2025-11-18T12:56:21.096Z,Inscrito
188,71,22,2025-11-18T22:15:40.318Z,Inscrito
189,479,61,2025-11-18T11:10:35.388Z,Inscrito
190,136,85,2025-11-18T07:52:40.154Z,Inscrito
191,563,95,2025-11-18T09:28:34.019Z,Inscrito
192,160,44,2025-11-18T05:52:55.841Z,Inscrito
193,564,19,2025-11-18T07:44:09.604Z,Inscrito
194,557,97,2025-11-18T09:56:35.168Z,Inscrito
195,865,35,2025-11-18T18:12:57.098Z,Inscrito
196,262,95,2025-11-18T02:28:10.441Z,Inscrito
197,526,46,2025-11-18T10:41:13.443Z,Inscrito
198,844,10,2025-11-18T18:08:49.236Z,Inscrito
199,171,12,2025-11-18T19:56:19.164Z,Inscrito
200,981,72,2025-11-18T02:08:48.000Z,Inscrito
201,849,52,2025-11-19T00:53:11.899Z,Inscrito
202,847,28,2025-11-18T07:03:07.112Z,Inscrito
203,140,14,2025-11-18T08:03:00.733Z,Inscrito
204,580,56,2025-11-18T06:39:42.473Z,Inscrito
205,723,89,2025-11-18T01:51:40.683Z,Inscrito
206,716,22,2025-11-18T20:28:56.190Z,Inscrito
207,158,49,2025-11-18T12:34:39.541Z,Inscrito
208,119,50,2025-11-18T08:01:56.891Z,Inscrito
209,140,91,2025-11-19T00:31:19.059Z,Inscrito
210,611,61,2025-11-18T21:47:38.626Z,Inscrito
211,187,68,2025-11-18T19:55:15.160Z,Inscrito
212,621,26,2025-11-18T09:31:04.787Z,Inscrito
213,188,87,2025-11-18T21:05:28.113Z,Inscrito
214,900,17,2025-11-18T19:49:26.601Z,Inscrito
215,667,58,2025-11-18T14:00:42.605Z,Inscrito
216,887,47,2025-11-18T15:59:44.360Z,Inscrito
217,766,92,2025-11-18T19:34:57.197Z,Inscrito
218,417,6,2025-11-18T16:13:57.832Z,Inscrito
219,777,97,2025-11-18T08:06:12.405Z,Inscrito
220,238,77,2025-11-18T03:02:28.506Z,Inscrito
221,895,85,2025-11-18T22:27:17.401Z,Inscrito
222,406,65,2025-11-18T23:47:53.969Z,Inscrito
223,605,52,2025-11-18T14:17:07.214Z,Inscrito
224,605,23,2025-11-18T06:35:53.222Z,Inscrito
225,134,27,2025-11-18T06:45:27.336Z,Inscrito
226,559,16,2025-11-18T12:56:03.576Z,Inscrito
227,698,94,2025-11-18T17:12:35.486Z,Inscrito
228,646,82,2025-11-18T03:16:21.494Z,Inscrito
229,820,58,2025-11-18T23:41:46.569Z,Inscrito
230,262,65,2025-11-18T23:08:04.760Z,Inscrito
231,868,78,2025-11-18T16:25:53.638Z,Inscrito
232,731,8,2025-11-18T19:50:02.422Z,Inscrito
233,750,29,2025-11-18T22:44:29.785Z,Inscrito
234,250,76,2025-11-18T14:24:25.049Z,Inscrito
235,632,77,2025-11-18T23:53:50.152Z,Inscrito
236,914,85,2025-11-18T05:56:09.719Z,Inscrito
237,552,4,2025-11-18T08:09:35.753Z,Inscrito
238,558,47,2025-11-18T22:02:48.459Z,Inscrito
239,942,11,2025-11-18T06:47:44.104Z,Inscrito
240,434,80,2025-11-18T06:47:42.187Z,Inscrito
241,580,6,2025-11-19T00:56:34.388Z,Inscrito
242,325,100,2025-11-19T00:20:03.854Z,Inscrito
243,760,45,2025-11-18T16:51:40.574Z,Inscrito
244,897,31,2025-11-18T13:06:43.619Z,Inscrito
245,446,18,2025-11-18T18:17:45.691Z,Inscrito
246,933,70,2025-11-18T04:00:59.899Z,Inscrito
247,546,29,2025-11-18T19:38:03.975Z,Inscrito
248,859,69,2025-11-18T19:20:14.388Z,Inscrito
249,358,63,2025-11-18T05:22:33.452Z,Inscrito
250,741,23,2025-11-18T03:41:04.518Z,Inscrito
251,989,22,2025-11-18T14:41:33.437Z,Inscrito
252,422,84,2025-11-18T09:21:12.659Z,Inscrito
253,794,22,2025-11-18T13:49:41.987Z,Inscrito
254,348,24,2025-11-18T16:28:32.716Z,Inscrito
255,202,49,2025-11-18T15:52:52.769Z,Inscrito
256,211,94,2025-11-18T18:32:30.894Z,Inscrito
257,395,100,2025-11-18T03:08:20.603Z,Inscrito
258,256,64,2025-11-18T20:16:14.735Z,Inscrito
259,921,45,2025-11-18T12:27:38.957Z,Inscrito
260,37,98,2025-11-18T03:22:50.630Z,Inscrito
261,197,41,2025-11-18T02:41:21.764Z,Inscrito
262,683,83,2025-11-18T04:26:24.739Z,Inscrito
263,286,99,2025-11-18T17:38:08.834Z,Inscrito
264,560,13,2025-11-18T04:27:00.499Z,Inscrito
265,148,76,2025-11-18T07:21:13.599Z,Inscrito
266,525,61,2025-11-19T01:22:11.173Z,Inscrito
267,493,100,2025-11-19T00:51:08.155Z,Inscrito
268,55,69,2025-11-18T09:25:28.792Z,Inscrito
269,743,17,2025-11-18T17:59:15.069Z,Inscrito
270,843,56,2025-11-18T19:35:07.782Z,Inscrito
271,606,17,2025-11-18T05:22:52.268Z,Inscrito
272,42,94,2025-11-18T19:38:18.145Z,Inscrito
273,271,96,2025-11-18T04:32:45.492Z,Inscrito
274,473,60,2025-11-18T10:10:33.955Z,Inscrito
275,48,53,2025-11-18T23:54:08.294Z,Inscrito
276,306,46,2025-11-18T17:29:21.412Z,Inscrito
277,328,18,2025-11-18T18:30:08.324Z,Inscrito
278,287,11,2025-11-19T00:24:28.543Z,Inscrito
279,177,18,2025-11-18T10:01:19.854Z,Inscrito
280,69,52,2025-11-18T19:11:29.200Z,Inscrito
281,325,15,2025-11-18T08:02:45.490Z,Inscrito
282,414,33,2025-11-18T16:00:43.398Z,Inscrito
283,234,100,2025-11-18T12:33:17.440Z,Inscrito
284,375,64,2025-11-19T00:49:23.857Z,Inscrito
285,79,69,2025-11-18T22:59:23.482Z,Inscrito
286,240,76,2025-11-18T20:12:47.379Z,Inscrito
287,436,50,2025-11-18T20:16:35.903Z,Inscrito
288,464,12,2025-11-18T12:40:37.702Z,Inscrito
289,587,9,2025-11-18T22:36:59.072Z,Inscrito
290,363,33,2025-11-18T11:07:39.390Z,Inscrito
291,565,47,2025-11-18T17:33:17.132Z,Inscrito
292,486,38,2025-11-18T18:51:50.710Z,Inscrito
293,918,94,2025-11-18T22:36:18.670Z,Inscrito
294,230,87,2025-11-18T16:33:56.066Z,Inscrito
295,47,77,2025-11-18T11:09:02.704Z,Inscrito
296,308,11,2025-11-18T13:15:12.531Z,Inscrito
297,788,9,2025-11-18T08:41:03.742Z,Inscrito
298,375,85,2025-11-18T12:07:56.149Z,Inscrito
299,632,23,2025-11-18T05:57:42.421Z,Inscrito
300,480,26,2025-11-18T09:12:34.602Z,Inscrito
301,180,58,2025-11-18T22:24:10.783Z,Inscrito
302,220,83,2025-11-18T19:55:43.509Z,Inscrito
303,427,36,2025-11-18T21:08:45.313Z,Inscrito
304,710,23,2025-11-18T05:23:09.580Z,Inscrito
305,181,99,2025-11-18T16:02:04.551Z,Inscrito
306,580,17,2025-11-19T01:06:31.121Z,Inscrito
307,912,15,2025-11-18T11:28:49.802Z,Inscrito
308,25,79,2025-11-18T02:18:11.061Z,Inscrito
309,516,82,2025-11-18T20:59:23.067Z,Inscrito
310,786,25,2025-11-18T23:46:57.125Z,Inscrito
311,51,19,2025-11-18T14:46:37.174Z,Inscrito
312,101,2,2025-11-19T00:50:40.420Z,Inscrito
313,573,95,2025-11-18T01:46:26.866Z,Inscrito
314,153,35,2025-11-18T02:56:44.610Z,Inscrito
315,755,5,2025-11-18T23:52:33.056Z,Inscrito
316,401,68,2025-11-18T16:51:28.704Z,Inscrito
317,894,66,2025-11-18T05:12:15.711Z,Inscrito
318,756,19,2025-11-18T11:32:11.092Z,Inscrito
319,971,62,2025-11-18T17:38:10.609Z,Inscrito
320,498,81,2025-11-19T00:54:11.800Z,Inscrito
321,822,83,2025-11-18T12:44:25.003Z,Inscrito
322,630,91,2025-11-18T22:37:57.345Z,Inscrito
323,334,81,2025-11-18T05:52:11.180Z,Inscrito
324,947,68,2025-11-18T10:11:21.044Z,Inscrito
325,780,24,2025-11-18T06:12:38.643Z,Inscrito
326,230,42,2025-11-18T07:56:15.346Z,Inscrito
327,388,90,2025-11-18T23:04:48.971Z,Inscrito
328,124,20,2025-11-18T11:30:04.798Z,Inscrito
329,564,36,2025-11-18T22:49:22.211Z,Inscrito
330,914,14,2025-11-18T23:41:20.129Z,Inscrito
331,314,65,2025-11-18T18:13:03.242Z,Inscrito
332,298,67,2025-11-18T13:12:31.810Z,Inscrito
333,341,86,2025-11-18T07:29:46.798Z,Inscrito
334,121,22,2025-11-18T18:52:36.741Z,Inscrito
335,55,2,2025-11-18T07:57:14.054Z,Inscrito
336,159,51,2025-11-18T16:16:47.964Z,Inscrito
337,527,39,2025-11-18T16:16:26.707Z,Inscrito
338,213,4,2025-11-18T20:01:24.763Z,Inscrito
339,544,74,2025-11-19T00:25:50.211Z,Inscrito
340,360,26,2025-11-18T13:21:33.040Z,Inscrito
341,627,59,2025-11-18T11:47:21.219Z,Inscrito
342,206,38,2025-11-18T04:29:28.077Z,Inscrito
343,982,56,2025-11-18T05:05:35.302Z,Inscrito
344,764,24,2025-11-19T00:53:19.302Z,Inscrito
345,936,8,2025-11-18T22:39:48.924Z,Inscrito
346,300,8,2025-11-18T17:18:13.531Z,Inscrito
347,703,11,2025-11-18T16:53:27.403Z,Inscrito
348,936,21,2025-11-18T19:10:01.082Z,Inscrito
349,81,56,2025-11-18T03:05:42.823Z,Inscrito
350,374,50,2025-11-18T09:36:28.719Z,Inscrito
351,991,40,2025-11-18T10:33:36.666Z,Inscrito
352,772,94,2025-11-18T23:48:22.414Z,Inscrito
353,498,89,2025-11-18T05:09:14.178Z,Inscrito
354,424,55,2025-11-18T10:22:42.951Z,Inscrito
355,962,79,2025-11-18T11:55:26.439Z,Inscrito
356,322,49,2025-11-18T02:58:11.264Z,Inscrito
357,697,94,2025-11-18T22:21:37.342Z,Inscrito
358,866,51,2025-11-18T01:59:58.030Z,Inscrito
359,252,66,2025-11-18T04:00:29.484Z,Inscrito
360,282,4,2025-11-18T13:33:45.344Z,Inscrito
361,640,40,2025-11-18T22:01:24.547Z,Inscrito
362,775,71,2025-11-18T16:47:08.152Z,Inscrito
363,364,92,2025-11-18T13:44:06.787Z,Inscrito
364,684,96,2025-11-18T12:09:38.684Z,Inscrito
365,227,1,2025-11-18T04:38:39.465Z,Inscrito
366,202,26,2025-11-18T23:42:52.812Z,Inscrito
367,464,43,2025-11-18T19:00:29.333Z,Inscrito
368,658,19,2025-11-18T18:19:09.445Z,Inscrito
369,399,9,2025-11-19T01:01:24.640Z,Inscrito
370,806,64,2025-11-18T13:25:34.087Z,Inscrito
371,871,12,2025-11-18T10:08:05.437Z,Inscrito
372,114,98,2025-11-18T06:02:02.353Z,Inscrito
373,481,33,2025-11-18T09:10:26.385Z,Inscrito
374,345,48,2025-11-18T15:53:23.554Z,Inscrito
375,467,14,2025-11-18T09:31:02.449Z,Inscrito
376,628,47,2025-11-19T00:25:35.412Z,Inscrito
377,410,48,2025-11-18T08:40:39.080Z,Inscrito
378,762,79,2025-11-18T05:26:40.461Z,Inscrito
379,700,74,2025-11-18T16:12:02.551Z,Inscrito
380,993,77,2025-11-18T13:22:56.563Z,Inscrito
381,81,85,2025-11-18T13:17:29.750Z,Inscrito
382,52,54,2025-11-18T07:21:52.050Z,Inscrito
383,33,61,2025-11-18T01:53:38.523Z,Inscrito
384,246,92,2025-11-18T09:53:58.937Z,Inscrito
385,124,24,2025-11-18T17:44:17.452Z,Inscrito
386,664,98,2025-11-18T19:30:28.243Z,Inscrito
387,222,40,2025-11-18T16:37:49.923Z,Inscrito
388,358,70,2025-11-18T05:26:17.938Z,Inscrito
389,48,4,2025-11-18T16:21:34.381Z,Inscrito
390,652,45,2025-11-18T05:51:18.149Z,Inscrito
391,448,20,2025-11-18T19:45:59.199Z,Inscrito
392,642,73,2025-11-18T15:30:15.768Z,Inscrito
393,131,34,2025-11-18T06:00:28.134Z,Inscrito
394,388,77,2025-11-18T13:03:36.573Z,Inscrito
395,83,46,2025-11-18T09:40:04.500Z,Inscrito
396,548,51,2025-11-18T03:28:46.898Z,Inscrito
397,291,18,2025-11-18T12:32:28.567Z,Inscrito
398,268,79,2025-11-18T20:07:42.753Z,Inscrito
399,592,51,2025-11-18T23:22:28.624Z,Inscrito
400,53,64,2025-11-18T07:49:44.534Z,Inscrito
401,384,37,2025-11-18T05:50:38.861Z,Inscrito
402,647,77,2025-11-18T10:23:08.030Z,Inscrito
403,711,7,2025-11-18T05:25:53.739Z,Inscrito
404,562,28,2025-11-19T00:33:28.382Z,Inscrito
405,122,52,2025-11-18T08:12:43.464Z,Inscrito
406,81,93,2025-11-18T14:33:59.132Z,Inscrito
407,282,6,2025-11-18T22:48:44.405Z,Inscrito
408,883,2,2025-11-18T05:09:14.800Z,Inscrito
409,866,67,2025-11-19T01:00:29.432Z,Inscrito
410,32,72,2025-11-18T11:27:36.618Z,Inscrito
411,676,25,2025-11-18T18:15:11.354Z,Inscrito
412,348,66,2025-11-18T17:23:07.647Z,Inscrito
413,457,84,2025-11-18T22:03:54.228Z,Inscrito
414,7,80,2025-11-18T18:18:34.132Z,Inscrito
415,32,75,2025-11-18T15:59:55.371Z,Inscrito
416,48,13,2025-11-18T15:11:23.720Z,Inscrito
417,321,64,2025-11-18T09:32:11.024Z,Inscrito
418,524,36,2025-11-18T17:52:33.557Z,Inscrito
419,835,22,2025-11-19T01:11:39.636Z,Inscrito
420,521,5,2025-11-18T18:11:07.148Z,Inscrito
421,895,70,2025-11-18T11:01:49.328Z,Inscrito
422,119,47,2025-11-18T02:56:22.177Z,Inscrito
423,499,69,2025-11-18T05:07:19.734Z,Inscrito
424,145,97,2025-11-19T00:30:43.822Z,Inscrito
425,208,70,2025-11-18T04:50:30.536Z,Inscrito
426,960,98,2025-11-18T14:41:05.093Z,Inscrito
427,86,11,2025-11-18T21:12:50.662Z,Inscrito
428,300,65,2025-11-18T23:35:51.872Z,Inscrito
429,462,45,2025-11-18T21:57:42.014Z,Inscrito
430,996,70,2025-11-18T22:03:27.303Z,Inscrito
431,488,43,2025-11-18T21:24:03.718Z,Inscrito
432,630,31,2025-11-18T13:25:35.721Z,Inscrito
433,872,33,2025-11-18T14:16:09.011Z,Inscrito
434,616,65,2025-11-18T10:14:29.996Z,Inscrito
435,433,45,2025-11-18T07:17:15.042Z,Inscrito
436,109,67,2025-11-18T06:20:06.576Z,Inscrito
437,298,68,2025-11-18T23:04:20.686Z,Inscrito
438,159,44,2025-11-18T03:47:32.110Z,Inscrito
439,324,42,2025-11-19T01:18:23.146Z,Inscrito
440,932,46,2025-11-18T11:10:59.343Z,Inscrito
441,264,42,2025-11-18T19:47:11.328Z,Inscrito
442,277,61,2025-11-18T20:32:38.887Z,Inscrito
443,692,96,2025-11-18T16:15:23.822Z,Inscrito
444,82,22,2025-11-18T16:10:50.666Z,Inscrito
445,125,73,2025-11-18T23:49:53.394Z,Inscrito
446,777,18,2025-11-18T18:57:09.351Z,Inscrito
447,710,12,2025-11-18T02:59:00.169Z,Inscrito
448,845,99,2025-11-18T21:43:36.476Z,Inscrito
449,386,36,2025-11-18T05:33:10.804Z,Inscrito
450,681,41,2025-11-18T13:51:55.207Z,Inscrito
451,929,88,2025-11-18T20:48:11.516Z,Inscrito
452,969,19,2025-11-18T18:31:31.137Z,Inscrito
453,432,53,2025-11-18T07:40:45.463Z,Inscrito
454,254,7,2025-11-18T15:42:38.459Z,Inscrito
455,29,48,2025-11-18T12:08:59.837Z,Inscrito
456,307,50,2025-11-18T07:23:57.033Z,Inscrito
457,786,78,2025-11-18T11:30:50.428Z,Inscrito
458,303,61,2025-11-18T16:03:51.471Z,Inscrito
459,87,93,2025-11-18T23:20:29.156Z,Inscrito
460,43,33,2025-11-18T06:21:58.545Z,Inscrito
461,123,74,2025-11-18T08:24:57.383Z,Inscrito
462,644,49,2025-11-18T06:28:09.076Z,Inscrito
463,404,54,2025-11-18T14:31:32.995Z,Inscrito
464,804,34,2025-11-18T12:31:18.714Z,Inscrito
465,375,81,2025-11-18T20:28:07.305Z,Inscrito
466,702,91,2025-11-18T05:36:23.579Z,Inscrito
467,884,89,2025-11-18T11:08:26.393Z,Inscrito
468,653,9,2025-11-18T12:13:33.022Z,Inscrito
469,412,99,2025-11-18T10:25:26.456Z,Inscrito
470,403,52,2025-11-18T08:32:31.525Z,Inscrito
471,976,40,2025-11-18T08:23:55.840Z,Inscrito
472,57,40,2025-11-18T14:39:30.349Z,Inscrito
473,834,83,2025-11-18T09:20:44.239Z,Inscrito
474,685,99,2025-11-18T15:35:09.552Z,Inscrito
475,388,13,2025-11-18T22:10:50.847Z,Inscrito
476,4,68,2025-11-18T19:55:44.220Z,Inscrito
477,258,63,2025-11-18T12:45:10.057Z,Inscrito
478,398,70,2025-11-18T09:07:06.582Z,Inscrito
479,47,12,2025-11-18T03:15:09.490Z,Inscrito
480,659,67,2025-11-18T16:10:19.517Z,Inscrito
481,187,96,2025-11-18T19:54:45.642Z,Inscrito
482,402,92,2025-11-18T14:32:17.344Z,Inscrito
483,669,82,2025-11-18T16:53:02.338Z,Inscrito
484,880,55,2025-11-18T06:18:29.709Z,Inscrito
485,640,14,2025-11-18T18:10:22.191Z,Inscrito
486,876,49,2025-11-18T14:28:25.327Z,Inscrito
487,999,23,2025-11-18T08:04:23.192Z,Inscrito
488,503,46,2025-11-18T07:29:12.019Z,Inscrito
489,290,39,2025-11-18T03:21:50.773Z,Inscrito
490,287,69,2025-11-18T17:43:25.156Z,Inscrito
491,893,99,2025-11-18T14:41:42.796Z,Inscrito
492,179,64,2025-11-18T10:44:54.713Z,Inscrito
493,526,33,2025-11-18T23:17:40.114Z,Inscrito
494,484,1,2025-11-18T11:54:01.582Z,Inscrito
495,501,99,2025-11-18T07:15:26.647Z,Inscrito
496,138,46,2025-11-19T00:45:09.728Z,Inscrito
497,458,8,2025-11-18T01:49:20.677Z,Inscrito
498,526,9,2025-11-18T16:48:53.047Z,Inscrito
499,225,38,2025-11-18T18:35:21.392Z,Inscrito
500,61,65,2025-11-18T17:38:50.930Z,Inscrito
501,749,86,2025-11-18T02:14:51.583Z,Inscrito
502,845,61,2025-11-18T16:03:23.538Z,Inscrito
503,284,22,2025-11-18T06:47:05.122Z,Inscrito
504,459,23,2025-11-18T11:50:17.500Z,Inscrito
505,504,12,2025-11-19T01:06:41.086Z,Inscrito
506,900,47,2025-11-18T18:51:44.585Z,Inscrito
507,582,89,2025-11-18T15:46:03.095Z,Inscrito
508,224,1,2025-11-19T00:16:08.272Z,Inscrito
509,830,74,2025-11-18T18:30:53.044Z,Inscrito
510,783,56,2025-11-18T06:44:16.024Z,Inscrito
511,174,85,2025-11-18T18:42:58.042Z,Inscrito
512,781,49,2025-11-18T06:21:01.896Z,Inscrito
513,995,28,2025-11-18T10:01:32.461Z,Inscrito
514,671,23,2025-11-18T01:41:43.814Z,Inscrito
515,976,42,2025-11-19T01:29:55.629Z,Inscrito
516,551,14,2025-11-18T19:41:12.249Z,Inscrito
517,954,70,2025-11-18T01:59:30.428Z,Inscrito
518,38,78,2025-11-18T03:17:58.415Z,Inscrito
519,432,81,2025-11-18T02:18:01.026Z,Inscrito
520,817,27,2025-11-18T14:41:43.429Z,Inscrito
521,853,46,2025-11-18T23:41:45.666Z,Inscrito
522,632,6,2025-11-18T04:58:36.343Z,Inscrito
523,564,60,2025-11-18T11:57:02.492Z,Inscrito
524,864,35,2025-11-18T21:38:16.200Z,Inscrito
525,720,38,2025-11-18T11:18:49.815Z,Inscrito
526,692,39,2025-11-18T14:18:04.574Z,Inscrito
527,192,13,2025-11-18T12:05:55.919Z,Inscrito
528,913,69,2025-11-18T18:15:43.339Z,Inscrito
529,814,61,2025-11-18T19:55:22.742Z,Inscrito
530,733,31,2025-11-18T14:12:43.025Z,Inscrito
531,902,35,2025-11-18T20:12:56.114Z,Inscrito
532,682,98,2025-11-18T23:37:51.741Z,Inscrito
533,596,85,2025-11-19T00:49:20.311Z,Inscrito
534,972,61,2025-11-18T12:24:12.518Z,Inscrito
535,285,86,2025-11-18T04:02:53.663Z,Inscrito
536,263,97,2025-11-18T06:35:53.095Z,Inscrito
537,666,6,2025-11-18T06:43:12.915Z,Inscrito
538,1,41,2025-11-18T08:46:15.479Z,Inscrito
539,141,32,2025-11-18T23:51:34.347Z,Inscrito
540,586,37,2025-11-18T13:11:20.918Z,Inscrito
541,907,61,2025-11-18T11:47:24.194Z,Inscrito
542,953,84,2025-11-18T06:10:10.447Z,Inscrito
543,769,34,2025-11-18T06:45:52.847Z,Inscrito
544,881,35,2025-11-18T06:27:59.195Z,Inscrito
545,835,62,2025-11-18T23:20:39.218Z,Inscrito
546,737,34,2025-11-18T16:24:56.450Z,Inscrito
547,483,51,2025-11-18T01:43:28.878Z,Inscrito
548,103,68,2025-11-18T19:05:05.818Z,Inscrito
549,729,17,2025-11-18T09:44:17.991Z,Inscrito
550,270,8,2025-11-18T02:36:40.787Z,Inscrito
551,83,41,2025-11-18T08:02:15.635Z,Inscrito
552,283,28,2025-11-18T16:34:32.646Z,Inscrito
553,888,64,2025-11-18T07:37:52.295Z,Inscrito
554,310,43,2025-11-18T04:42:01.140Z,Inscrito
555,810,2,2025-11-18T22:05:45.111Z,Inscrito
556,724,1,2025-11-18T05:32:47.618Z,Inscrito
557,120,48,2025-11-18T08:13:55.554Z,Inscrito
558,133,19,2025-11-18T21:36:34.937Z,Inscrito
559,528,68,2025-11-18T16:59:49.491Z,Inscrito
560,669,76,2025-11-18T16:21:09.450Z,Inscrito
561,80,25,2025-11-18T09:12:09.013Z,Inscrito
562,876,20,2025-11-18T08:55:17.923Z,Inscrito
563,148,70,2025-11-18T16:26:26.463Z,Inscrito
564,973,21,2025-11-18T12:01:51.391Z,Inscrito
565,122,20,2025-11-18T22:24:29.391Z,Inscrito
566,21,33,2025-11-18T18:00:06.407Z,Inscrito
567,983,24,2025-11-18T05:55:14.416Z,Inscrito
568,500,80,2025-11-18T16:51:46.740Z,Inscrito
569,315,32,2025-11-18T22:52:55.089Z,Inscrito
570,91,61,2025-11-18T20:25:13.859Z,Inscrito
571,219,86,2025-11-18T18:27:13.266Z,Inscrito
572,778,64,2025-11-18T19:14:26.855Z,Inscrito
573,930,76,2025-11-19T00:21:56.068Z,Inscrito
574,210,54,2025-11-18T16:26:51.403Z,Inscrito
575,876,51,2025-11-18T11:50:44.564Z,Inscrito
576,442,39,2025-11-18T23:14:35.348Z,Inscrito
577,81,40,2025-11-18T22:37:38.397Z,Inscrito
578,892,47,2025-11-18T05:27:57.179Z,Inscrito
579,176,20,2025-11-18T22:51:36.789Z,Inscrito
580,361,5,2025-11-18T08:32:23.552Z,Inscrito
581,260,97,2025-11-18T13:55:02.433Z,Inscrito
582,294,70,2025-11-18T19:12:35.102Z,Inscrito
583,524,77,2025-11-18T22:59:23.289Z,Inscrito
584,415,4,2025-11-18T10:55:49.984Z,Inscrito
585,645,14,2025-11-18T18:52:30.307Z,Inscrito
586,192,81,2025-11-18T22:30:29.544Z,Inscrito
587,490,22,2025-11-18T02:29:53.785Z,Inscrito
588,492,92,2025-11-18T11:40:30.336Z,Inscrito
589,740,36,2025-11-18T20:59:11.703Z,Inscrito
590,966,23,2025-11-18T05:09:20.714Z,Inscrito
591,382,3,2025-11-18T05:41:38.518Z,Inscrito
592,940,58,2025-11-18T05:24:18.453Z,Inscrito
593,970,67,2025-11-18T16:10:02.409Z,Inscrito
594,418,73,2025-11-18T19:36:16.490Z,Inscrito
595,111,83,2025-11-18T21:14:32.361Z,Inscrito
596,423,92,2025-11-18T13:21:20.083Z,Inscrito
597,881,34,2025-11-18T11:58:54.299Z,Inscrito
598,945,52,2025-11-18T08:30:16.371Z,Inscrito
599,760,7,2025-11-18T02:58:13.862Z,Inscrito
600,255,77,2025-11-18T03:51:53.231Z,Inscrito
601,868,41,2025-11-18T04:01:32.758Z,Inscrito
602,238,3,2025-11-18T21:14:42.112Z,Inscrito
603,876,1,2025-11-18T05:44:34.181Z,Inscrito
604,54,89,2025-11-18T16:31:18.489Z,Inscrito
605,450,12,2025-11-18T13:55:15.994Z,Inscrito
606,645,62,2025-11-18T02:26:18.912Z,Inscrito
607,664,43,2025-11-18T15:56:13.011Z,Inscrito
608,176,32,2025-11-18T09:39:35.442Z,Inscrito
609,744,92,2025-11-18T15:30:53.782Z,Inscrito
610,714,18,2025-11-18T15:59:56.651Z,Inscrito
611,436,55,2025-11-18T07:01:20.799Z,Inscrito
612,800,23,2025-11-18T23:18:46.999Z,Inscrito
613,693,14,2025-11-18T20:27:53.294Z,Inscrito
614,826,37,2025-11-18T04:47:17.717Z,Inscrito
615,447,6,2025-11-19T00:45:54.721Z,Inscrito
616,951,7,2025-11-18T19:12:19.917Z,Inscrito

618,807,19,2025-11-18T09:01:40.658Z,Inscrito
619,251,39,2025-11-18T08:31:48.970Z,Inscrito
620,929,27,2025-11-18T07:42:43.554Z,Inscrito
621,453,70,2025-11-18T11:07:59.079Z,Inscrito
622,341,99,2025-11-18T20:02:01.883Z,Inscrito
623,613,54,2025-11-19T01:29:32.265Z,Inscrito
624,728,64,2025-11-18T20:37:32.544Z,Inscrito
625,260,85,2025-11-18T13:02:07.910Z,Inscrito
626,249,10,2025-11-18T14:31:20.743Z,Inscrito
627,25,52,2025-11-18T15:29:12.991Z,Inscrito
628,422,77,2025-11-18T17:30:21.608Z,Inscrito
629,564,95,2025-11-18T11:59:04.468Z,Inscrito
630,789,79,2025-11-18T04:17:37.035Z,Inscrito
631,393,97,2025-11-19T01:32:10.398Z,Inscrito
632,996,9,2025-11-18T15:27:29.737Z,Inscrito
633,860,29,2025-11-18T19:49:52.025Z,Inscrito
634,880,69,2025-11-18T21:22:16.265Z,Inscrito
635,546,19,2025-11-18T02:36:13.835Z,Inscrito
636,847,4,2025-11-18T04:08:40.299Z,Inscrito
637,837,53,2025-11-18T14:12:20.655Z,Inscrito
638,434,95,2025-11-18T09:03:26.754Z,Inscrito
639,389,21,2025-11-18T20:55:09.317Z,Inscrito
640,795,70,2025-11-18T13:24:30.578Z,Inscrito
641,334,5,2025-11-18T06:16:55.437Z,Inscrito
642,738,30,2025-11-18T22:43:38.217Z,Inscrito
643,43,41,2025-11-18T08:05:01.696Z,Inscrito
644,992,72,2025-11-18T08:22:11.466Z,Inscrito
645,195,30,2025-11-18T23:14:58.045Z,Inscrito
646,319,25,2025-11-18T18:12:30.579Z,Inscrito
647,34,100,2025-11-18T05:15:51.758Z,Inscrito
648,331,44,2025-11-18T22:37:25.260Z,Inscrito

650,347,53,2025-11-18T08:39:14.396Z,Inscrito
651,29,85,2025-11-18T13:06:12.489Z,Inscrito
652,983,66,2025-11-18T17:43:02.424Z,Inscrito
653,904,22,2025-11-18T09:15:44.005Z,Inscrito
654,52,30,2025-11-18T10:17:51.767Z,Inscrito
655,313,45,2025-11-18T15:44:39.238Z,Inscrito
656,745,37,2025-11-18T18:52:41.171Z,Inscrito
657,744,46,2025-11-18T16:09:29.842Z,Inscrito
658,703,82,2025-11-18T19:56:40.581Z,Inscrito
659,592,50,2025-11-18T04:45:34.775Z,Inscrito
660,84,84,2025-11-18T16:02:10.289Z,Inscrito
661,194,64,2025-11-18T09:51:36.943Z,Inscrito
662,977,91,2025-11-18T17:12:08.848Z,Inscrito
663,915,2,2025-11-18T10:35:36.858Z,Inscrito
664,188,79,2025-11-18T12:24:31.401Z,Inscrito
665,885,99,2025-11-18T12:11:35.928Z,Inscrito
666,827,26,2025-11-18T18:01:23.100Z,Inscrito
667,616,63,2025-11-18T17:57:33.083Z,Inscrito
668,998,90,2025-11-18T22:05:37.678Z,Inscrito
669,451,20,2025-11-18T13:50:30.211Z,Inscrito
670,668,83,2025-11-19T00:09:02.783Z,Inscrito
671,717,84,2025-11-18T20:36:28.640Z,Inscrito
672,624,63,2025-11-18T23:57:35.764Z,Inscrito
673,307,62,2025-11-18T19:11:58.012Z,Inscrito
674,802,20,2025-11-19T01:06:06.406Z,Inscrito
675,791,15,2025-11-18T06:02:23.596Z,Inscrito
676,445,21,2025-11-18T02:49:58.609Z,Inscrito
677,726,83,2025-11-18T11:59:43.666Z,Inscrito
678,453,60,2025-11-18T07:29:57.880Z,Inscrito
679,580,41,2025-11-18T02:50:07.696Z,Inscrito
680,964,67,2025-11-18T16:21:24.120Z,Inscrito
681,954,57,2025-11-18T09:11:48.725Z,Inscrito
682,482,71,2025-11-18T11:19:43.875Z,Inscrito
683,775,25,2025-11-18T22:42:01.976Z,Inscrito
684,370,51,2025-11-18T15:58:27.132Z,Inscrito
685,249,59,2025-11-18T12:00:07.631Z,Inscrito
686,277,15,2025-11-18T16:57:35.036Z,Inscrito
687,604,14,2025-11-19T00:38:13.420Z,Inscrito
688,612,95,2025-11-18T16:29:38.788Z,Inscrito
689,41,5,2025-11-18T10:41:49.088Z,Inscrito
690,649,64,2025-11-19T00:06:19.519Z,Inscrito
691,338,88,2025-11-18T20:00:06.549Z,Inscrito
692,787,7,2025-11-18T10:33:51.758Z,Inscrito
693,731,36,2025-11-18T15:03:30.379Z,Inscrito
694,980,14,2025-11-18T23:10:43.087Z,Inscrito
695,289,20,2025-11-18T05:58:10.522Z,Inscrito
696,7,69,2025-11-18T21:32:55.494Z,Inscrito
697,592,20,2025-11-18T12:05:29.748Z,Inscrito
698,779,58,2025-11-18T20:51:37.760Z,Inscrito
699,577,96,2025-11-18T09:27:29.278Z,Inscrito
700,604,42,2025-11-18T17:59:42.723Z,Inscrito
701,189,59,2025-11-18T13:39:18.237Z,Inscrito
702,536,16,2025-11-18T18:38:46.281Z,Inscrito
703,77,6,2025-11-18T18:24:27.396Z,Inscrito
704,538,90,2025-11-18T16:29:36.710Z,Inscrito
705,25,11,2025-11-19T01:03:53.293Z,Inscrito
706,862,59,2025-11-18T19:13:37.263Z,Inscrito
707,916,44,2025-11-18T17:21:36.939Z,Inscrito
708,776,49,2025-11-18T13:58:20.403Z,Inscrito
709,435,35,2025-11-18T23:42:38.763Z,Inscrito
710,89,62,2025-11-18T11:29:18.241Z,Inscrito
711,315,55,2025-11-18T15:14:41.534Z,Inscrito
712,119,82,2025-11-19T01:04:00.890Z,Inscrito
713,259,100,2025-11-18T09:33:31.464Z,Inscrito
714,572,73,2025-11-18T06:44:17.770Z,Inscrito
715,672,8,2025-11-18T03:53:02.916Z,Inscrito
716,405,67,2025-11-18T07:17:54.500Z,Inscrito
717,798,72,2025-11-18T20:34:24.380Z,Inscrito
718,729,84,2025-11-18T10:44:51.986Z,Inscrito
719,472,30,2025-11-18T09:10:41.064Z,Inscrito
720,281,90,2025-11-18T16:55:13.489Z,Inscrito
721,406,18,2025-11-18T21:49:57.701Z,Inscrito
722,131,59,2025-11-18T10:17:32.117Z,Inscrito
723,754,49,2025-11-18T20:42:06.024Z,Inscrito
724,923,60,2025-11-18T21:08:13.028Z,Inscrito
725,267,35,2025-11-18T03:45:44.709Z,Inscrito
726,325,75,2025-11-18T06:29:54.642Z,Inscrito
727,438,75,2025-11-19T01:28:31.672Z,Inscrito
728,377,36,2025-11-18T13:39:51.136Z,Inscrito
729,599,44,2025-11-18T21:25:33.069Z,Inscrito
730,2,60,2025-11-18T18:35:47.205Z,Inscrito
731,932,25,2025-11-18T06:00:17.187Z,Inscrito
732,377,88,2025-11-18T22:16:04.509Z,Inscrito
733,761,10,2025-11-18T13:07:30.519Z,Inscrito
734,963,12,2025-11-19T00:57:13.762Z,Inscrito
735,456,7,2025-11-19T00:58:57.762Z,Inscrito
736,281,97,2025-11-18T15:34:12.643Z,Inscrito
737,449,46,2025-11-18T17:15:32.315Z,Inscrito
738,144,89,2025-11-18T20:51:21.030Z,Inscrito
739,927,77,2025-11-18T18:47:22.339Z,Inscrito
740,851,58,2025-11-18T07:39:15.237Z,Inscrito
741,673,96,2025-11-18T12:12:31.164Z,Inscrito
742,473,80,2025-11-18T20:18:17.943Z,Inscrito

744,745,19,2025-11-18T19:44:49.944Z,Inscrito
745,4,90,2025-11-18T14:00:06.593Z,Inscrito
746,53,3,2025-11-19T01:32:03.014Z,Inscrito
747,36,75,2025-11-18T15:13:53.496Z,Inscrito
748,660,27,2025-11-18T21:29:06.023Z,Inscrito
749,262,2,2025-11-18T10:52:08.945Z,Inscrito
750,124,6,2025-11-18T17:09:12.845Z,Inscrito
751,75,59,2025-11-18T18:55:50.595Z,Inscrito
752,230,51,2025-11-18T12:47:12.302Z,Inscrito
753,420,93,2025-11-18T21:01:09.943Z,Inscrito
754,672,10,2025-11-18T23:13:18.061Z,Inscrito
755,702,13,2025-11-18T19:59:55.334Z,Inscrito
756,684,27,2025-11-18T16:20:50.020Z,Inscrito
757,84,46,2025-11-18T12:15:37.087Z,Inscrito
758,655,49,2025-11-18T21:15:48.612Z,Inscrito
759,800,16,2025-11-18T01:42:19.927Z,Inscrito
760,106,15,2025-11-18T03:25:49.788Z,Inscrito
761,489,8,2025-11-18T13:28:49.207Z,Inscrito
762,95,73,2025-11-18T08:12:19.209Z,Inscrito
763,809,41,2025-11-18T12:18:17.277Z,Inscrito
764,842,78,2025-11-19T00:54:24.107Z,Inscrito
765,624,22,2025-11-18T15:02:23.340Z,Inscrito
766,345,61,2025-11-18T13:36:08.896Z,Inscrito
767,952,24,2025-11-18T08:03:38.628Z,Inscrito
768,464,36,2025-11-18T04:48:06.902Z,Inscrito
769,944,80,2025-11-19T00:20:54.864Z,Inscrito
770,639,20,2025-11-19T01:28:37.654Z,Inscrito
771,84,78,2025-11-18T15:30:28.160Z,Inscrito
772,481,86,2025-11-18T01:41:46.726Z,Inscrito
773,343,89,2025-11-18T23:30:54.836Z,Inscrito
774,86,90,2025-11-18T16:38:33.449Z,Inscrito
775,489,11,2025-11-18T08:11:50.154Z,Inscrito
776,819,89,2025-11-18T18:52:15.956Z,Inscrito
777,354,58,2025-11-19T00:28:49.641Z,Inscrito
778,629,35,2025-11-18T15:10:47.727Z,Inscrito
779,875,41,2025-11-18T16:44:30.888Z,Inscrito
780,18,99,2025-11-18T18:43:40.411Z,Inscrito
781,756,31,2025-11-18T10:54:23.621Z,Inscrito
782,122,23,2025-11-18T17:46:03.866Z,Inscrito
783,351,47,2025-11-18T05:08:42.240Z,Inscrito
784,973,44,2025-11-18T04:16:51.428Z,Inscrito
785,840,29,2025-11-18T12:50:34.169Z,Inscrito
786,662,97,2025-11-18T12:33:17.639Z,Inscrito
787,288,16,2025-11-18T02:01:29.479Z,Inscrito
788,626,84,2025-11-18T03:30:17.057Z,Inscrito
789,782,62,2025-11-18T21:02:03.879Z,Inscrito
790,857,15,2025-11-18T21:14:31.131Z,Inscrito
791,694,52,2025-11-18T02:00:59.268Z,Inscrito
792,316,20,2025-11-18T01:38:23.379Z,Inscrito
793,189,43,2025-11-18T13:46:59.917Z,Inscrito
794,593,43,2025-11-18T17:00:46.652Z,Inscrito
795,33,79,2025-11-18T02:30:23.505Z,Inscrito
796,382,99,2025-11-18T17:39:48.674Z,Inscrito
797,899,64,2025-11-18T03:37:19.625Z,Inscrito
798,439,90,2025-11-18T01:47:49.263Z,Inscrito
799,8,55,2025-11-18T10:24:40.804Z,Inscrito
800,911,44,2025-11-18T21:23:24.940Z,Inscrito
801,23,76,2025-11-18T15:59:12.699Z,Inscrito
802,27,65,2025-11-18T06:32:23.312Z,Inscrito
803,662,90,2025-11-18T08:43:16.989Z,Inscrito
804,43,77,2025-11-18T06:09:24.301Z,Inscrito
805,4,8,2025-11-18T17:16:49.640Z,Inscrito
806,490,49,2025-11-18T06:55:38.545Z,Inscrito
807,312,33,2025-11-18T06:59:45.413Z,Inscrito
808,897,44,2025-11-18T22:21:41.327Z,Inscrito
809,447,84,2025-11-18T04:57:10.697Z,Inscrito
810,286,75,2025-11-18T11:36:25.204Z,Inscrito
811,381,39,2025-11-18T04:26:49.875Z,Inscrito
812,48,7,2025-11-18T14:35:37.025Z,Inscrito
813,919,63,2025-11-18T09:53:39.622Z,Inscrito
814,375,73,2025-11-18T16:35:59.412Z,Inscrito
815,352,33,2025-11-18T22:01:41.771Z,Inscrito
816,590,41,2025-11-18T22:51:49.885Z,Inscrito
817,383,14,2025-11-18T20:38:05.893Z,Inscrito
818,78,32,2025-11-19T01:01:50.101Z,Inscrito
819,659,84,2025-11-18T14:39:40.621Z,Inscrito
820,394,14,2025-11-18T07:58:42.290Z,Inscrito
821,657,76,2025-11-18T18:12:05.416Z,Inscrito
822,327,41,2025-11-18T15:21:16.628Z,Inscrito
823,34,21,2025-11-18T16:29:45.033Z,Inscrito
824,713,3,2025-11-18T01:47:58.538Z,Inscrito
825,268,3,2025-11-18T21:24:32.047Z,Inscrito
826,76,23,2025-11-19T00:35:59.394Z,Inscrito
827,494,45,2025-11-19T01:34:38.058Z,Inscrito
828,274,73,2025-11-19T01:30:25.672Z,Inscrito
829,922,89,2025-11-18T10:16:48.741Z,Inscrito
830,284,51,2025-11-18T02:05:45.302Z,Inscrito
831,762,16,2025-11-19T00:36:42.741Z,Inscrito
832,57,45,2025-11-18T05:35:16.372Z,Inscrito
833,941,90,2025-11-18T15:36:38.432Z,Inscrito
834,484,34,2025-11-18T03:28:46.558Z,Inscrito
835,93,6,2025-11-18T16:13:25.145Z,Inscrito
836,2,38,2025-11-18T20:12:07.936Z,Inscrito
837,91,67,2025-11-18T09:12:03.500Z,Inscrito
838,610,38,2025-11-18T21:41:30.602Z,Inscrito
839,393,90,2025-11-18T21:08:52.906Z,Inscrito
840,308,28,2025-11-18T20:11:05.554Z,Inscrito
841,922,12,2025-11-18T16:36:31.158Z,Inscrito
842,873,86,2025-11-18T03:56:11.789Z,Inscrito
843,845,63,2025-11-18T17:22:44.993Z,Inscrito
844,766,39,2025-11-18T16:31:32.417Z,Inscrito
845,1000,90,2025-11-19T00:09:38.692Z,Inscrito
846,289,40,2025-11-18T22:31:09.339Z,Inscrito
847,866,83,2025-11-18T02:04:48.071Z,Inscrito
848,332,63,2025-11-18T06:08:29.277Z,Inscrito
849,701,14,2025-11-18T02:15:32.926Z,Inscrito
850,816,63,2025-11-18T14:08:49.412Z,Inscrito
851,549,34,2025-11-19T00:30:05.298Z,Inscrito
852,276,48,2025-11-18T11:50:26.637Z,Inscrito
853,339,16,2025-11-18T02:38:35.758Z,Inscrito
854,679,19,2025-11-18T07:16:34.628Z,Inscrito
855,172,63,2025-11-18T03:47:53.545Z,Inscrito
856,439,81,2025-11-19T00:06:00.744Z,Inscrito
857,668,16,2025-11-18T01:37:20.905Z,Inscrito
858,421,20,2025-11-18T16:28:26.928Z,Inscrito
859,560,96,2025-11-18T14:14:00.950Z,Inscrito
860,323,79,2025-11-18T12:14:09.241Z,Inscrito
861,469,75,2025-11-18T20:04:46.145Z,Inscrito
862,652,75,2025-11-18T23:03:38.171Z,Inscrito
863,9,50,2025-11-18T06:16:17.913Z,Inscrito
864,573,10,2025-11-18T19:24:34.862Z,Inscrito
865,770,88,2025-11-18T05:59:29.698Z,Inscrito
866,142,31,2025-11-18T08:32:14.767Z,Inscrito
867,38,28,2025-11-18T02:38:45.186Z,Inscrito
868,697,83,2025-11-18T01:36:45.387Z,Inscrito
869,959,40,2025-11-18T01:54:40.135Z,Inscrito
870,12,73,2025-11-18T12:35:56.768Z,Inscrito
871,903,26,2025-11-18T13:08:38.739Z,Inscrito
872,397,83,2025-11-18T03:27:01.260Z,Inscrito
873,486,51,2025-11-18T13:20:51.844Z,Inscrito
874,794,88,2025-11-18T05:37:10.170Z,Inscrito
875,437,26,2025-11-19T01:14:17.721Z,Inscrito
876,486,41,2025-11-18T20:02:11.067Z,Inscrito
877,948,40,2025-11-18T11:09:52.035Z,Inscrito
878,484,73,2025-11-18T11:26:44.564Z,Inscrito
879,48,82,2025-11-18T21:13:43.706Z,Inscrito
880,932,74,2025-11-18T14:41:49.270Z,Inscrito
881,564,85,2025-11-19T00:00:50.247Z,Inscrito
882,499,96,2025-11-18T01:44:27.947Z,Inscrito
883,767,95,2025-11-18T15:25:03.317Z,Inscrito
884,547,4,2025-11-18T18:55:01.395Z,Inscrito
885,275,19,2025-11-18T12:58:15.640Z,Inscrito
886,146,96,2025-11-18T17:57:17.665Z,Inscrito
887,587,31,2025-11-18T23:38:10.520Z,Inscrito
888,236,48,2025-11-18T04:48:39.643Z,Inscrito
889,617,25,2025-11-18T11:37:11.489Z,Inscrito
890,549,5,2025-11-18T19:32:52.403Z,Inscrito
891,597,2,2025-11-18T04:18:36.951Z,Inscrito
892,933,10,2025-11-18T13:14:52.304Z,Inscrito
893,891,54,2025-11-18T20:01:49.477Z,Inscrito
894,38,16,2025-11-18T01:55:42.177Z,Inscrito
895,540,16,2025-11-18T19:54:36.481Z,Inscrito
896,59,64,2025-11-19T01:22:03.691Z,Inscrito
897,881,6,2025-11-18T12:08:30.978Z,Inscrito
898,497,86,2025-11-18T23:16:12.849Z,Inscrito
899,248,75,2025-11-18T08:03:25.828Z,Inscrito
900,548,38,2025-11-18T10:43:00.708Z,Inscrito
901,586,68,2025-11-18T05:40:41.643Z,Inscrito
902,445,89,2025-11-18T11:14:41.200Z,Inscrito
903,359,31,2025-11-18T22:25:56.627Z,Inscrito
904,917,37,2025-11-18T05:09:36.212Z,Inscrito
905,651,84,2025-11-18T23:54:42.715Z,Inscrito
906,677,99,2025-11-18T05:14:26.273Z,Inscrito
907,382,42,2025-11-18T20:33:07.861Z,Inscrito
908,403,96,2025-11-18T18:24:14.795Z,Inscrito
909,798,6,2025-11-18T15:13:06.045Z,Inscrito
910,218,33,2025-11-18T15:24:45.599Z,Inscrito
911,884,55,2025-11-18T14:49:40.752Z,Inscrito
912,773,46,2025-11-18T14:49:21.698Z,Inscrito
913,747,5,2025-11-18T16:14:07.038Z,Inscrito
914,84,99,2025-11-18T18:01:54.111Z,Inscrito
915,270,68,2025-11-18T07:49:45.882Z,Inscrito
916,502,13,2025-11-18T20:03:12.231Z,Inscrito
917,462,4,2025-11-18T15:59:20.517Z,Inscrito
918,840,74,2025-11-18T12:08:19.035Z,Inscrito
919,555,22,2025-11-18T12:28:44.634Z,Inscrito
920,431,45,2025-11-18T13:26:11.997Z,Inscrito
921,224,20,2025-11-18T16:39:56.867Z,Inscrito
922,363,21,2025-11-18T06:18:49.112Z,Inscrito
923,393,18,2025-11-18T21:02:41.543Z,Inscrito
924,321,86,2025-11-18T20:33:49.812Z,Inscrito
925,880,16,2025-11-18T21:47:41.029Z,Inscrito
926,369,61,2025-11-18T16:05:43.403Z,Inscrito
927,412,51,2025-11-18T19:53:19.456Z,Inscrito
928,751,87,2025-11-18T19:46:56.181Z,Inscrito
929,91,23,2025-11-18T18:40:23.105Z,Inscrito
930,733,45,2025-11-18T14:48:04.553Z,Inscrito
931,912,72,2025-11-18T11:31:47.898Z,Inscrito
932,239,69,2025-11-18T15:59:44.864Z,Inscrito
933,429,100,2025-11-18T05:19:22.853Z,Inscrito
934,787,86,2025-11-18T22:19:19.026Z,Inscrito
935,5,9,2025-11-18T20:40:39.254Z,Inscrito
936,882,69,2025-11-18T05:07:51.421Z,Inscrito
937,164,66,2025-11-18T21:12:50.255Z,Inscrito
938,638,95,2025-11-18T09:55:58.795Z,Inscrito
939,402,60,2025-11-18T14:28:05.806Z,Inscrito
940,335,73,2025-11-18T11:06:09.203Z,Inscrito
941,447,25,2025-11-18T16:36:35.711Z,Inscrito
942,614,73,2025-11-18T03:01:10.964Z,Inscrito
943,503,88,2025-11-18T12:29:26.181Z,Inscrito
944,572,31,2025-11-18T15:08:15.808Z,Inscrito
945,45,46,2025-11-18T14:17:11.830Z,Inscrito
946,249,25,2025-11-18T23:25:37.179Z,Inscrito
947,481,82,2025-11-18T15:33:09.192Z,Inscrito
948,902,29,2025-11-18T04:18:03.619Z,Inscrito
949,840,27,2025-11-18T07:56:01.949Z,Inscrito
950,536,92,2025-11-19T00:29:48.499Z,Inscrito
951,714,32,2025-11-18T19:02:59.439Z,Inscrito
952,414,16,2025-11-18T13:11:55.143Z,Inscrito
953,373,42,2025-11-18T16:09:27.835Z,Inscrito
954,940,78,2025-11-18T07:48:32.304Z,Inscrito
955,547,29,2025-11-18T19:16:30.437Z,Inscrito
956,211,87,2025-11-18T12:10:30.836Z,Inscrito
957,806,9,2025-11-18T17:03:48.777Z,Inscrito
958,281,99,2025-11-18T11:20:54.496Z,Inscrito
959,917,88,2025-11-18T13:16:05.094Z,Inscrito
960,374,96,2025-11-18T11:26:30.260Z,Inscrito
961,398,98,2025-11-18T16:28:59.674Z,Inscrito
962,279,57,2025-11-18T12:52:08.185Z,Inscrito
963,692,88,2025-11-18T21:18:00.942Z,Inscrito
964,562,89,2025-11-18T16:52:52.299Z,Inscrito
965,762,90,2025-11-18T11:44:31.250Z,Inscrito
966,82,78,2025-11-18T18:41:16.913Z,Inscrito
967,960,50,2025-11-19T01:07:52.031Z,Inscrito
968,425,47,2025-11-18T08:10:58.577Z,Inscrito
969,545,35,2025-11-18T13:18:03.660Z,Inscrito
970,155,77,2025-11-18T03:32:13.006Z,Inscrito
971,622,27,2025-11-18T01:52:40.355Z,Inscrito
972,474,89,2025-11-18T01:55:14.980Z,Inscrito
973,613,68,2025-11-19T01:02:26.533Z,Inscrito
974,536,59,2025-11-18T11:20:56.580Z,Inscrito
975,991,35,2025-11-18T12:54:44.295Z,Inscrito
976,27,86,2025-11-18T16:54:32.838Z,Inscrito
977,521,58,2025-11-18T07:53:45.644Z,Inscrito
978,597,42,2025-11-18T05:26:55.106Z,Inscrito
979,635,87,2025-11-19T01:13:37.732Z,Inscrito
980,635,88,2025-11-18T15:12:56.456Z,Inscrito
981,38,23,2025-11-18T08:58:00.802Z,Inscrito
982,360,10,2025-11-18T06:12:49.039Z,Inscrito
983,986,11,2025-11-18T11:39:07.924Z,Inscrito
984,278,5,2025-11-18T14:09:10.310Z,Inscrito
985,600,11,2025-11-18T11:24:46.342Z,Inscrito
986,693,76,2025-11-18T15:04:14.519Z,Inscrito
987,525,68,2025-11-18T06:52:14.693Z,Inscrito
988,459,26,2025-11-18T04:47:36.757Z,Inscrito
989,36,38,2025-11-18T05:58:29.638Z,Inscrito
990,320,93,2025-11-18T08:34:45.121Z,Inscrito
991,28,67,2025-11-18T08:25:47.518Z,Inscrito
992,468,27,2025-11-19T00:33:28.482Z,Inscrito
993,215,49,2025-11-18T20:01:38.883Z,Inscrito
994,574,74,2025-11-18T09:45:23.037Z,Inscrito
995,997,90,2025-11-18T11:14:33.079Z,Inscrito
996,52,35,2025-11-18T07:55:27.478Z,Inscrito
997,636,26,2025-11-18T17:08:11.019Z,Inscrito
998,383,36,2025-11-18T19:58:07.122Z,Inscrito
999,587,85,2025-11-18T22:22:59.495Z,Inscrito
1000,209,42,2025-11-18T05:20:28.675Z,Inscrito
