IdPago,IdSocio,Monto,FechaPago,MetodoPago,Referencia
1,380,385.98,2025-11-18T18:48:59.693Z,Transferencia,089cf4ff-291d-46de-842f-3a08cc51fd3d
2,852,441.83,2025-11-18T23:24:58.313Z,Transferencia,fe8bf149-7693-4ff1-b566-dec96425c773
3,186,100.88,2025-11-18T09:48:37.656Z,Transferencia,fb5274b3-d7bb-4204-92e4-ca58a5e64dda
4,197,614.26,2025-11-18T06:05:35.245Z,Transferencia,61773391-22a4-4493-8c42-44c82b965054
5,22,107.67,2025-11-18T21:30:41.203Z,Efectivo,4f988d37-06e4-4e7f-be24-c44e0a22ff6e
6,300,985.41,2025-11-18T17:10:17.252Z,Transferencia,13cc7631-86e6-4d5d-abeb-ae42d35a2b77
7,502,869.47,2025-11-18T22:52:44.431Z,Transferencia,3705491f-1ab5-4667-9dd4-d451abf616de
8,729,103.05,2025-11-18T15:37:41.067Z,Transferencia,67ce1f51-ad1b-4100-850d-d8752bcaefd6
9,654,578.94,2025-11-18T09:16:09.163Z,Tarjeta,a5dc01a2-14ab-4bbb-a3c2-c99f3e063604
10,326,527.86,2025-11-19T00:31:24.802Z,Tarjeta,31b14349-971e-4deb-97d6-97550c654a51
11,434,886.45,2025-11-18T21:12:57.121Z,Tarjeta,6268d261-3c27-4aba-a9c0-f4444f2d9faf
12,352,570.40,2025-11-18T08:04:21.552Z,Efectivo,3a79f1b8-2c6a-4d61-acee-e96a436279e2
13,983,290.13,2025-11-18T12:53:55.257Z,Efectivo,84f1a08e-594f-4d55-a37a-4a0f698fc9bf
14,610,454.85,2025-11-18T03:17:09.102Z,Tarjeta,2b1edc9c-5a30-4189-bd7a-0e2dfc3be2c1
15,390,268.79,2025-11-18T14:23:25.625Z,Tarjeta,a02295b8-64d8-46ac-8f33-d5b5bfdf593a
16,691,436.38,2025-11-18T07:08:24.714Z,Transferencia,938f2102-75fa-4761-b644-9c5ab44c79d4
17,174,213.50,2025-11-18T09:17:49.252Z,Efectivo,a97fd7e5-648e-4aad-a6ca-53f8e006d172
18,331,217.61,2025-11-18T11:37:38.021Z,Efectivo,687783f1-e16f-43c1-8ef3-b4156eb5a4ae
19,247,453.19,2025-11-18T22:32:30.122Z,Transferencia,c1a633aa-9da0-449b-b9f9-4c03c6e7fb46
20,425,660.63,2025-11-18T11:50:34.832Z,Efectivo,cc870548-189c-404e-b650-5712b57b378c
21,608,720.27,2025-11-18T18:51:10.908Z,Transferencia,81078e25-742c-4add-9aa5-37e0e218dd24
22,788,333.05,2025-11-18T12:41:28.526Z,Transferencia,3da87121-8a43-4a94-bae3-22374a391a44
23,951,497.16,2025-11-18T10:54:07.857Z,Efectivo,0d078413-cda0-432f-8d95-c235f6129dd1
24,468,311.50,2025-11-18T22:48:18.277Z,Tarjeta,15f498a7-1182-4a6b-805b-9ded5e039ffc
25,108,332.37,2025-11-18T22:52:08.419Z,Tarjeta,d6e2c524-5531-41f1-afca-ef9eeae20e68
26,255,914.67,2025-11-18T23:49:54.799Z,Tarjeta,3031afe5-8b72-4e09-8129-990098f24fad
27,196,56.88,2025-11-18T16:08:48.250Z,Tarjeta,cee5699c-12c2-49d2-baad-55647ec0fd0c
28,25,880.09,2025-11-18T12:10:42.439Z,Tarjeta,a43b2db2-f138-4d18-8071-0fee52fcbbda
29,572,955.02,2025-11-18T11:43:27.388Z,Transferencia,e24d487c-4399-4968-a638-1077c4bce7a3
30,398,947.87,2025-11-18T18:40:33.597Z,Efectivo,950e2506-fc83-4598-bbfc-799d39ac155c
31,716,469.96,2025-11-19T00:13:46.972Z,Transferencia,ea3bc522-c073-4d32-a8fd-7f03b91666bd
32,507,870.99,2025-11-18T10:32:34.375Z,Transferencia,5b21bcc1-6042-426f-ad2d-017edc7aeafa
33,463,785.03,2025-11-18T07:40:16.557Z,Tarjeta,6150add4-b6c7-4063-83b7-8913093ba91a
34,365,664.89,2025-11-18T14:04:06.264Z,Tarjeta,3cd1535a-8334-4c40-bd45-526991c32d7b
35,958,285.90,2025-11-18T19:36:36.175Z,Tarjeta,71d00122-504d-4a9f-bd38-a064e73e0c12
36,675,883.74,2025-11-18T19:55:46.959Z,Transferencia,99bd1ece-ef68-454e-8533-fb8bf4c8a58b
37,258,282.55,2025-11-18T07:01:26.809Z,Tarjeta,b2f53e96-6e98-479f-a297-56ca2e761ffe
38,736,319.01,2025-11-18T20:52:43.874Z,Transferencia,082ddade-8ca7-4a6c-97c8-a370c5a44b23
39,923,833.04,2025-11-18T19:14:56.373Z,Transferencia,6bd40cb3-3376-460f-ad0a-c3228803ec53
40,262,797.40,2025-11-18T17:30:03.315Z,Efectivo,19ecf3a5-1094-483b-9190-e32749fd203d
41,810,635.35,2025-11-18T10:02:02.115Z,Tarjeta,16fe38e4-409f-441e-8611-d3b2bb8e7f7c
42,53,730.20,2025-11-19T00:31:28.590Z,Transferencia,cc56a754-9421-4540-bc7c-83a4cf1cbf70
43,329,134.15,2025-11-18T20:30:33.561Z,Tarjeta,d0d50eb5-84b4-475e-ab17-dad3e95756d7
44,384,831.50,2025-11-18T13:04:01.958Z,Efectivo,100a7bfb-981b-4543-ae04-97fe8a5af2d6
45,575,275.86,2025-11-18T04:23:50.280Z,Transferencia,c05ac75e-054f-4be5-bc62-1f962859bf72
46,639,708.23,2025-11-18T05:44:56.667Z,Efectivo,716991bc-6218-4ecd-a106-b8a4f00f97ca
47,35,73.55,2025-11-18T20:09:31.533Z,Tarjeta,23ce8bfd-f8b4-439a-82dc-17933c66bb45
48,110,40.37,2025-11-18T11:45:18.959Z,Transferencia,c7058b8f-8a59-406e-ad7c-9212bc858ee3
49,490,895.23,2025-11-19T00:07:07.334Z,Transferencia,7ac7a2de-4b12-4768-a4ab-0f937bcef5f6
50,910,443.99,2025-11-18T05:34:10.742Z,Tarjeta,74906294-e9f2-4fe1-a399-b0bc98758790
51,934,888.86,2025-11-18T07:01:10.804Z,Efectivo,d4d0a167-582b-4d32-862f-33fac9a15006
52,167,184.49,2025-11-18T13:35:24.398Z,Transferencia,c86d8640-e3da-4568-b9ef-9010b858a0b8
53,1000,909.67,2025-11-18T19:19:24.743Z,Transferencia,94406164-8867-4512-a2ec-bdf22679ae08
54,199,197.01,2025-11-18T05:28:42.635Z,Efectivo,9fc9f543-5d72-40c1-bd07-62384b71888b
55,405,715.41,2025-11-18T08:28:08.391Z,Tarjeta,20954292-da1a-4189-a253-48a52e32fd48
56,849,233.91,2025-11-18T13:35:08.122Z,Transferencia,6d023f21-4474-472b-af18-1d3cb38207ec
57,385,443.59,2025-11-18T18:14:49.515Z,Tarjeta,e83b569d-88ce-480c-94a2-d19610e8e8b6
58,129,664.61,2025-11-18T21:39:57.650Z,Tarjeta,09cd06ee-0d4e-4dd5-84cf-49d830c65443
59,956,414.02,2025-11-18T06:57:57.123Z,Tarjeta,9d3be279-e8c8-4567-8f26-740c46af253b
60,655,291.73,2025-11-18T21:40:12.839Z,Transferencia,b7bd5802-3da4-432b-84d7-6bab655d4fb3
61,450,79.50,2025-11-18T02:47:55.402Z,Efectivo,ba40d0fc-333b-4960-8008-e9a626197329
62,974,121.18,2025-11-18T07:41:51.407Z,Transferencia,71b387d9-c177-4520-b646-49dfdf32b4c4
63,68,312.72,2025-11-18T13:49:38.722Z,Efectivo,382a1949-fe37-4718-8920-54b5c129fd82
64,497,755.82,2025-11-18T06:48:43.022Z,Efectivo,5176af81-fbd7-44e2-9d9d-c8b769b9785c
65,655,235.39,2025-11-18T15:00:10.108Z,Efectivo,86274c59-84ab-46ad-981c-2902f2428add
66,589,901.49,2025-11-18T06:54:43.885Z,Efectivo,1da7a310-4a7d-43f5-89dd-c2fe8e715bbe
67,492,605.67,2025-11-18T06:14:19.238Z,Efectivo,08e9f265-5da1-48de-8276-8533f86eec8e
68,493,115.30,2025-11-18T23:19:30.501Z,Tarjeta,d782ef2b-d842-44e8-afc5-a949f0e9635f
69,737,698.50,2025-11-19T00:21:03.098Z,Tarjeta,823730ef-b3b0-441d-b53b-d4d9b4cd7544
70,286,271.50,2025-11-18T01:58:33.818Z,Efectivo,05f5993e-68b0-42a3-a64d-0d229e3926d0
71,421,254.42,2025-11-18T18:42:41.127Z,Tarjeta,7ea0156c-5d97-4526-9949-59c50e9df2f9
72,79,794.88,2025-11-18T22:48:07.512Z,Tarjeta,1584b3d0-3a2c-451a-89fe-2130dbca4f56
73,78,414.85,2025-11-18T07:40:11.261Z,Tarjeta,e09c927f-37c2-47b0-95a1-2951ddc0f7e4
74,160,560.13,2025-11-18T13:58:09.187Z,Transferencia,7df9e343-552f-4513-b56f-6c9d582d2e1f
75,93,242.92,2025-11-18T06:21:09.914Z,Efectivo,280d7c57-e7df-412f-a1c5-2c736f99caf0
76,325,620.00,2025-11-18T23:57:59.010Z,Transferencia,4fa4b741-9b8b-4039-a59f-a84ec0adc9d2
77,725,397.91,2025-11-18T19:56:22.330Z,Efectivo,79b16c80-6913-4a7c-af93-58c5c1e78f58
78,913,90.16,2025-11-18T20:02:20.936Z,Efectivo,1a3b676c-ce4d-4d44-8f31-ae0155970742
79,74,914.75,2025-11-18T05:51:04.660Z,Transferencia,8917af98-ba7d-4318-858c-45529b530ba7
80,415,668.74,2025-11-18T14:16:40.372Z,Tarjeta,b136d728-fc23-4cdd-8f5b-85dcf06079ce
81,651,141.79,2025-11-18T20:07:03.039Z,Efectivo,30978e31-90e9-430f-9500-15f121d90734
82,834,78.97,2025-11-18T19:36:06.946Z,Transferencia,cdda0bf3-df59-489e-9a67-4e45dbbf5fd0
83,774,229.68,2025-11-18T11:27:16.374Z,Transferencia,5cc95d1a-5da0-4830-b2d7-e276ef830a13
84,748,323.10,2025-11-18T09:06:22.525Z,Efectivo,8fc3336c-3e8f-477f-b47b-63cc01aae192
85,159,427.05,2025-11-18T21:15:02.611Z,Tarjeta,876814a7-8687-4120-a50f-e5604e1bd008
86,187,207.30,2025-11-18T23:58:50.773Z,Tarjeta,299b57d7-d97e-471c-97b4-0c0da3af5c66
87,398,928.48,2025-11-18T02:03:17.523Z,Tarjeta,ad97299c-2d2e-4211-a305-a3469423ec64
88,977,202.97,2025-11-18T03:25:37.846Z,Transferencia,dd372787-74ca-4dc1-aa10-a83c5e529fdd
89,841,408.71,2025-11-18T03:34:31.348Z,Efectivo,b33bbab8-0aac-4c6c-9bd9-e39436a40eb6
90,615,525.67,2025-11-18T06:59:45.413Z,Efectivo,8e9f9d7d-56b9-46d7-9422-5e2e4feb4d45
91,270,856.90,2025-11-18T04:39:44.825Z,Transferencia,b7561ac2-58e7-4d8a-9047-38707aa38abc
92,311,428.09,2025-11-18T05:05:38.537Z,Tarjeta,1d911c1d-99f9-429a-997b-253962468c4d
93,655,478.06,2025-11-18T04:33:54.642Z,Transferencia,2f14ea5a-5910-46f6-bd3c-3ffee51d806c
94,511,659.51,2025-11-18T12:15:29.092Z,Transferencia,d3658189-7420-48c2-b7e1-761377b5121d
95,454,108.87,2025-11-18T07:50:36.471Z,Tarjeta,fc508730-f69b-42cf-a145-37a56c32cc27
96,196,625.87,2025-11-18T07:53:15.971Z,Transferencia,e660f902-41ed-4e59-9396-a8c1e74a22d0
97,398,209.78,2025-11-18T02:27:56.356Z,Transferencia,2c02b83c-4744-4581-89f6-0550f3c9ea80
98,785,641.99,2025-11-18T21:17:21.150Z,Transferencia,20f9fd38-a103-48df-89b1-017b80a1d2b4
99,345,932.98,2025-11-18T09:25:27.409Z,Efectivo,4c59971d-ccb1-4590-a952-b3095c16febe
100,401,649.92,2025-11-18T20:14:07.383Z,Tarjeta,30a45918-6ab6-4aa5-a9c7-556fb9142bf3
101,621,233.46,2025-11-18T23:21:25.021Z,Efectivo,d98016df-e4db-4cf6-a2a1-1b14d440a88b
102,512,194.46,2025-11-18T12:05:24.740Z,Efectivo,8ab729f3-74e5-4771-8aa7-cc8c318e2a22
103,64,409.83,2025-11-18T16:58:16.683Z,Efectivo,8c62fd0f-811d-47ad-84e0-0aaf6c9b8d6a
104,752,995.59,2025-11-18T16:17:34.895Z,Tarjeta,692aa4cf-d54b-49d1-b589-12e0b6460850
105,100,291.40,2025-11-18T19:17:00.420Z,Transferencia,bc190084-0f8f-45c3-9993-bfb4c391c936
106,347,861.40,2025-11-18T17:34:21.955Z,Tarjeta,ddf69bec-92a5-4999-a612-5892048d2bef
107,440,130.65,2025-11-18T01:56:33.259Z,Tarjeta,df15e8a3-f8d0-438e-a97c-38eab3cd9035
108,865,749.94,2025-11-18T05:39:20.305Z,Transferencia,111e5214-29c5-429c-b4ba-6b81bf271412
109,423,483.04,2025-11-19T00:43:59.961Z,Tarjeta,ec7ce506-1669-49e8-abef-ea89f0d77cd1
110,592,660.07,2025-11-18T04:18:00.420Z,Tarjeta,3574b4e1-7fb5-4b2c-9cc4-7586983fc9ff
111,32,421.29,2025-11-18T02:01:17.627Z,Transferencia,926878fa-6e1f-495b-9ba6-8d0f72104ba6
112,849,56.73,2025-11-18T09:14:52.723Z,Transferencia,4e9945b7-215a-4a84-a819-d4f48e1b2ed0
113,794,399.99,2025-11-18T04:50:10.523Z,Tarjeta,a96b0019-1751-4cc6-bdc5-5d6dfd4b7ac0
114,40,835.83,2025-11-18T14:15:19.798Z,Tarjeta,5a5abdf4-6a8f-4c9a-be00-4173d6d01d15
115,939,185.82,2025-11-18T13:22:08.810Z,Tarjeta,8992c0fd-a586-4c8e-abf2-58cf7fe15d31
116,179,415.73,2025-11-18T07:27:37.712Z,Transferencia,98aaab86-8133-410f-a96e-309d9683f84f
117,330,122.14,2025-11-18T06:43:34.138Z,Efectivo,25d7ea89-5f14-482b-b65f-3bfb5db9b750
118,70,74.23,2025-11-18T15:07:31.069Z,Tarjeta,a5c69a19-6287-4f60-acd0-e1dc63b7b6df
119,702,836.49,2025-11-18T22:20:25.589Z,Efectivo,e7968291-5388-4b62-861e-bd7af23eb57f
120,252,71.33,2025-11-18T20:50:44.581Z,Tarjeta,fcdcaeed-2058-48b5-972b-94987cc5f0b0
121,267,798.95,2025-11-18T22:45:29.888Z,Transferencia,e458584f-4492-4ea5-aaea-e870e22d84ec
122,993,885.48,2025-11-18T09:36:43.993Z,Efectivo,62178ccc-45d6-4e46-80f7-1af1dae337d8
123,709,8.67,2025-11-18T02:12:07.982Z,Tarjeta,016ab98d-7f99-415c-aeb2-f71742cd0e11
124,361,582.84,2025-11-18T13:49:13.097Z,Tarjeta,e8da2ae1-27e3-426c-8c3d-31b56160a48b
125,122,302.83,2025-11-18T07:52:31.272Z,Tarjeta,a9f7f3b1-bb79-4234-bb56-fa7b9db73c5c
126,231,243.53,2025-11-19T00:53:03.070Z,Transferencia,c34bfb8e-8834-4815-a7c2-2c5356d68c7f
127,774,886.20,2025-11-18T09:47:12.173Z,Tarjeta,1b1b6328-ada9-4c00-9c85-b2084e81e063
128,549,828.95,2025-11-18T20:37:21.780Z,Tarjeta,25026051-4829-4761-b994-66ca31431f08
129,157,865.44,2025-11-18T12:32:08.423Z,Tarjeta,84a572f2-a674-4ee8-83a3-238d8d45ce3f
130,154,68.92,2025-11-18T03:38:00.727Z,Transferencia,80b82d14-7549-4076-9a36-47f5d0fa3508
131,95,167.47,2025-11-18T19:40:38.785Z,Efectivo,e268348d-2060-40cd-9575-f49f0b258f2b
132,602,928.09,2025-11-18T17:14:38.502Z,Transferencia,9d0866e3-51b9-48a1-9ec4-1a8a84b7cdbf
133,510,471.50,2025-11-18T22:24:14.559Z,Efectivo,721429ac-1d46-4851-bbca-d9709c3aa308
134,671,403.27,2025-11-18T06:09:56.582Z,Efectivo,24db7b51-5333-499b-be72-426b7b7ca6bb
135,437,164.44,2025-11-18T04:49:27.467Z,Transferencia,c9ee2513-8200-4cf0-ab4f-d8c58a54d71f
136,95,244.17,2025-11-18T17:40:06.993Z,Transferencia,7b2c4fe7-ef37-4797-809b-efad1a1b4a7c
137,402,616.72,2025-11-18T08:39:28.089Z,Efectivo,1b3316de-34e5-417b-892c-7c0218882ae9
138,289,697.25,2025-11-18T17:12:18.304Z,Efectivo,487b06cf-018e-4454-9f38-e9e821a7ae22
139,249,37.86,2025-11-18T02:32:22.657Z,Tarjeta,d1c1c666-0e39-4463-8e67-590e2567ccc5
140,189,723.46,2025-11-18T17:15:48.081Z,Efectivo,b025e834-6005-4960-9755-20403cc6a95c
141,275,653.51,2025-11-18T03:53:29.624Z,Transferencia,2d947a9b-9bc3-4245-8c7d-84eb1758ed5b
142,683,137.97,2025-11-18T13:46:09.147Z,Tarjeta,ee336e40-2589-49f6-9db3-08e497dc1033
143,635,428.25,2025-11-18T16:34:07.661Z,Tarjeta,17822919-9966-4e31-8cbd-6a029e7532f9
144,721,77.56,2025-11-18T05:28:25.309Z,Efectivo,b99c8974-0866-428b-9f62-835510d9bc15
145,643,966.15,2025-11-19T00:23:06.269Z,Efectivo,875ed056-3c64-4a26-a6b5-f0269da1f161
146,807,383.67,2025-11-18T10:22:40.773Z,Transferencia,62b52435-a1cd-40e6-9937-0ed3ed593e4b
147,132,704.74,2025-11-18T08:26:41.586Z,Transferencia,4c6cc348-0f50-4c08-b9b6-4dec43fb3160
148,435,973.31,2025-11-18T11:10:44.931Z,Transferencia,7b9dcbe0-5b1e-4fcc-bf46-59ca2abd4584
149,320,37.13,2025-11-18T14:39:38.929Z,Tarjeta,6c32a521-ff91-4c00-be82-7db08d6e8dda
150,871,491.58,2025-11-18T18:09:01.950Z,Transferencia,5acc36b9-2f6f-4538-8a1f-2bea430744dc
151,175,186.49,2025-11-19T00:43:07.438Z,Transferencia,0f2e385d-8cab-480a-9fef-6ea4c735521b
152,372,490.49,2025-11-18T07:54:43.948Z,Efectivo,3b43eb2b-da11-49ea-8da5-445f7b25b597
153,781,369.71,2025-11-18T14:24:32.823Z,Tarjeta,8d67793d-2c4e-48da-8923-8567c20a6d42
154,389,736.76,2025-11-18T04:57:10.723Z,Tarjeta,41e94bca-5e56-451d-be81-7862c9c18e73
155,842,658.01,2025-11-19T00:26:01.484Z,Transferencia,fe38a3bc-33af-495b-842a-ca19e5dd53c3
156,182,820.22,2025-11-18T21:34:40.400Z,Tarjeta,f3c84657-316a-4e92-9639-5cbf77b9f8d5
157,392,827.83,2025-11-18T09:25:07.721Z,Efectivo,cefcc5b7-5451-4ad2-851b-5d7ed5b8b504
158,517,383.73,2025-11-19T00:24:09.891Z,Transferencia,2c5fa286-9507-43b8-80ed-43e3038fc304
159,719,632.14,2025-11-18T11:00:00.081Z,Efectivo,870f3f8f-29d2-4691-8c10-f10d0d59c6cd
160,471,302.24,2025-11-18T17:34:27.961Z,Efectivo,e4b74679-be94-48e7-bb09-26f643d1bf6c
161,648,169.46,2025-11-18T03:00:06.624Z,Tarjeta,82b831c9-a51e-4587-959f-f925d4dd473b
162,788,291.93,2025-11-18T02:01:40.114Z,Tarjeta,7528e579-38c0-4f87-842b-62c95eb923d9
163,406,39.08,2025-11-18T22:20:02.020Z,Tarjeta,fcf0ef1c-ac9e-48c1-8511-4c5e2537bcf5
164,892,454.52,2025-11-19T00:33:34.079Z,Transferencia,e11f7fa8-bf0a-494a-9bcd-b54d7d7b1ff8
165,673,97.54,2025-11-19T00:23:11.474Z,Transferencia,5ee679ed-b9bd-49e0-a7e9-83e721d8c369
166,756,188.81,2025-11-18T07:45:32.683Z,Efectivo,96659723-b502-43cb-a314-da3a120c0cb4
167,374,434.59,2025-11-19T01:11:51.604Z,Tarjeta,71fd8c96-f6a6-46ab-acf3-cd605ca71aa4
168,831,825.22,2025-11-18T09:04:09.380Z,Efectivo,be3c67dc-2af5-4f91-a69d-b075182c7c1e
169,517,75.74,2025-11-18T12:01:16.087Z,Tarjeta,23e48d12-04fd-441f-9a6f-a35debfacdca
170,820,249.66,2025-11-19T00:23:40.812Z,Tarjeta,216c53bf-1508-4179-ab0c-3238e49f8661
171,540,444.82,2025-11-19T00:51:27.833Z,Efectivo,aac77ebf-7022-491d-95b1-0c474a9f926a
172,284,970.15,2025-11-18T03:44:38.464Z,Transferencia,9144388f-84f1-46b9-831d-5e034a7e5d03
173,99,188.89,2025-11-18T11:52:08.947Z,Transferencia,756ae092-7d4a-4673-9b90-d6ea343da324
174,697,591.94,2025-11-18T20:04:05.976Z,Efectivo,6cc53886-7028-4b99-bc59-769ab519f53b
175,416,725.14,2025-11-18T20:21:39.931Z,Tarjeta,c1b852df-7822-445f-9883-5f6664210af5
176,574,764.82,2025-11-18T18:55:14.464Z,Tarjeta,8a5285f4-c328-4521-a0af-9677de4e2233
177,261,22.05,2025-11-18T17:11:14.144Z,Tarjeta,b8b8206f-69c1-419b-bb0f-d0f9a224e04c
178,126,431.99,2025-11-18T20:45:11.625Z,Transferencia,e652f3c7-51a8-4ae4-b24f-c4a68fc8db55
179,311,310.91,2025-11-18T16:10:56.789Z,Efectivo,ab3c0501-269e-41d4-9421-95a65ecbd616
180,228,593.38,2025-11-18T03:50:19.500Z,Tarjeta,74fc3143-aa2b-4877-9839-d49ea6a05304
181,487,372.30,2025-11-18T02:11:06.439Z,Transferencia,99398dff-5cab-4887-a2bf-97704ba2e924
182,508,733.88,2025-11-18T16:27:09.782Z,Transferencia,ba908af9-d06d-49a2-b964-0862da1158e3
183,98,528.10,2025-11-18T11:25:45.277Z,Tarjeta,ddb36410-6f77-4bb5-879b-aaff660487bb
184,690,914.57,2025-11-18T22:06:37.689Z,Efectivo,3db0861a-0acd-4429-a736-9c5d42c18a59
185,475,861.56,2025-11-18T09:41:50.796Z,Tarjeta,a8ca0c6b-1f23-4640-a510-e6d7761b5be8
186,595,634.88,2025-11-18T22:41:31.360Z,Transferencia,60137f0b-b1f6-4c85-b3c8-71adc9f68118
187,519,682.30,2025-11-19T00:51:53.124Z,Transferencia,b3e6e529-1403-4eec-b6ca-5f43d37aa30b
188,357,711.08,2025-11-18T07:11:40.597Z,Transferencia,d974b5ad-ea67-42df-a7fc-d82c732909cd
189,779,212.76,2025-11-18T06:30:40.087Z,Efectivo,e4ec4fc1-076c-46bb-84cb-426d81056da1
190,720,926.56,2025-11-18T06:35:54.797Z,Transferencia,943b28ae-87d1-439e-ae41-43a6c11669af
191,895,157.48,2025-11-18T09:29:32.757Z,Transferencia,07a77a26-785c-446a-978e-c217df89e1f4
192,36,6.55,2025-11-18T21:30:21.077Z,Efectivo,be0fb178-f471-42ef-a4af-e289b08dea1a
193,870,244.39,2025-11-18T22:31:34.929Z,Transferencia,28a13097-62a6-49e0-b00d-b67d1d04ac75
194,400,462.99,2025-11-18T15:47:30.616Z,Efectivo,31912adc-682f-48d8-8ad0-18f83b7f55a7
195,208,98.81,2025-11-18T06:00:12.391Z,Transferencia,6ec0bee6-a4b6-42a5-b6b7-85123f59e06e
196,269,195.16,2025-11-18T01:57:20.284Z,Tarjeta,1c8848f4-1d13-4a29-b5c7-0859b966d6b6
197,725,109.51,2025-11-18T23:34:06.646Z,Tarjeta,a0db06b3-85f1-4eb9-97fa-a47afdbedc4a
198,94,493.37,2025-11-19T01:06:04.850Z,Efectivo,a9ab9d06-61a4-456d-8728-1262cbe6cd2e
199,731,144.58,2025-11-18T06:46:03.295Z,Efectivo,71670bf5-b672-4e59-a030-6571dc08f8dc
200,886,242.54,2025-11-18T02:28:01.428Z,Efectivo,7c78a587-f825-4e5b-ad6f-94abc2f59bbf
201,188,605.35,2025-11-18T02:34:19.401Z,Tarjeta,926e0fd8-eb28-4f15-ba98-3f5b36ca20c7
202,145,899.37,2025-11-18T13:28:59.634Z,Efectivo,c333e3fd-2d8c-4cbb-9056-970bb61ab2ee
203,2,523.86,2025-11-18T03:39:44.712Z,Efectivo,b85c3a16-a9e4-49ed-bdfa-638e9fc1b2f7
204,619,346.89,2025-11-18T03:12:54.547Z,Tarjeta,0e7e2ecc-7bf4-4c22-a4d0-c386c905dbfe
205,304,611.03,2025-11-18T10:43:59.822Z,Transferencia,cbb62193-39b2-4577-824f-0fbe740f138e
206,557,365.47,2025-11-18T23:56:21.816Z,Efectivo,1838bfb8-94b4-497e-8963-d6c3cda09947
207,417,338.42,2025-11-18T16:44:35.766Z,Transferencia,b743f985-a0dd-49b9-9a44-548f265384da
208,541,449.29,2025-11-18T19:31:27.153Z,Transferencia,99666985-0e64-42f0-a202-6e3f412046c0
209,192,889.93,2025-11-18T19:54:00.183Z,Tarjeta,17348d20-2d25-4d1a-a9a7-7aa668c2f6bc
210,37,478.29,2025-11-19T00:40:06.671Z,Tarjeta,b21e70fc-7474-4bdf-a407-105bfd69b4f2
211,922,298.16,2025-11-18T10:37:40.446Z,Efectivo,aa5ae8c7-e784-4830-8812-50bcc730a591
212,959,577.30,2025-11-18T10:33:49.927Z,Tarjeta,83fb9509-673d-4d08-94f8-8998f7c53a07
213,390,524.01,2025-11-18T18:27:54.855Z,Efectivo,9abe9c10-c211-4478-beda-77f3b2826fc6
214,965,452.71,2025-11-18T23:46:45.749Z,Tarjeta,182561d7-aa09-4a3c-8b69-4cb36005c48c
215,45,411.30,2025-11-18T11:11:48.427Z,Tarjeta,859894e4-a17c-4e70-9d6c-27c89aed2bc8
216,73,59.28,2025-11-18T03:53:35.443Z,Efectivo,3b506ee5-5b8c-43db-8ed1-dc9671c08242
217,651,995.10,2025-11-18T22:24:49.737Z,Transferencia,c867749f-b4da-4a39-b8c5-311cb02ef4c7
218,884,54.75,2025-11-18T08:37:31.237Z,Transferencia,1a80e895-5b7d-4857-8b88-3fb78979f2e4
219,263,507.91,2025-11-18T17:35:40.460Z,Efectivo,7b4ae778-18ef-4c58-b148-0ffa2ef5960f
220,672,464.90,2025-11-18T05:15:38.574Z,Tarjeta,5313254c-6153-409c-90af-f08b4ed94af6
221,883,897.58,2025-11-18T12:42:29.959Z,Transferencia,a93eaf7f-2657-4bfd-9444-99f9350026e0
222,948,839.81,2025-11-18T07:22:08.723Z,Transferencia,a36fb3b0-3857-4614-9ab2-5ccfcc0004ed
223,443,52.52,2025-11-18T08:24:01.668Z,Efectivo,08d7f095-566b-4e20-8ad2-86bc2da5d566
224,145,900.73,2025-11-18T13:52:22.755Z,Efectivo,2e139355-8569-4f62-b157-f98f5e05a59f
225,990,329.86,2025-11-18T09:46:23.409Z,Transferencia,9131b2f5-c1ad-4e57-bb50-9f5a3a1f90a6
226,735,281.99,2025-11-18T12:56:28.371Z,Transferencia,3f22d6a3-7d6c-4b00-949b-107f8bafef1e
227,259,904.75,2025-11-18T22:18:46.170Z,Efectivo,59c8398d-3de2-420f-88b7-378ec884d327
228,388,641.13,2025-11-18T05:22:32.817Z,Efectivo,150ab84c-878b-4bb4-ac62-c6ec77ed1fbd
229,781,372.26,2025-11-18T16:58:27.498Z,Transferencia,0fb21dd3-fb6b-408c-be28-2faecd7ea347
230,20,2.08,2025-11-18T06:46:59.624Z,Efectivo,112010a9-06f8-46b8-b3d5-e65e216dd026
231,24,796.68,2025-11-18T04:35:26.130Z,Transferencia,8cc7c145-a1df-4ba7-bd8d-2ffca74cccad
232,327,257.36,2025-11-18T05:13:21.590Z,Tarjeta,40225d9a-f138-48d1-bf43-029806591eb1
233,34,505.00,2025-11-18T17:13:38.351Z,Efectivo,206d45fa-a357-45f9-9463-d765d9b07b99
234,159,442.30,2025-11-18T23:04:04.067Z,Transferencia,1b46d201-8ea1-4a5a-9603-153a918ef1eb
235,985,307.13,2025-11-18T04:14:39.714Z,Tarjeta,ad8395f2-f354-45ce-86d4-bc2a0697438b
236,77,54.00,2025-11-18T08:53:05.863Z,Efectivo,eaf7928d-3bbe-4ffb-9616-c69b889a11b2
237,37,970.64,2025-11-18T03:03:28.848Z,Efectivo,8447c090-1c5b-42d5-9851-a7f14e6f6ec6
238,149,931.41,2025-11-18T07:59:37.049Z,Transferencia,5dd7eeeb-824c-4a30-bda0-f84f81b6513e
239,874,322.38,2025-11-18T03:09:15.820Z,Transferencia,8ae53e4b-419f-4c41-ae2c-ea097bbfb20b
240,418,621.82,2025-11-18T17:16:01.760Z,Transferencia,074e7950-cbfe-4b4f-aaf4-28617a7a7000
241,838,962.82,2025-11-18T18:45:58.790Z,Transferencia,559e92c2-5fcc-4e20-aeec-e3edd7863e6a
242,123,227.31,2025-11-18T05:50:40.164Z,Transferencia,e8eb452e-69e1-49fa-af02-718a84d49f5b
243,966,900.25,2025-11-19T00:46:05.836Z,Tarjeta,bf01055e-57f3-432a-b82f-8fbbb87db743
244,291,150.49,2025-11-18T17:18:46.014Z,Tarjeta,2709fd4d-f4d6-4f72-9c76-a18986d90c3a
245,334,273.73,2025-11-18T12:36:39.996Z,Efectivo,88e45909-a7ae-41e6-be12-70869b01686d
246,43,13.01,2025-11-19T01:15:56.571Z,Transferencia,fe611e02-d158-4930-b517-0976a086390a
247,208,687.98,2025-11-18T23:19:28.794Z,Transferencia,349326d3-b19b-4024-a45a-9c6d0bf0df12
248,399,467.69,2025-11-19T00:54:26.570Z,Efectivo,93b57995-5b90-456d-a3a6-256293d15f78
249,435,707.17,2025-11-18T19:07:04.963Z,Transferencia,cd12842b-822e-4573-a3d4-6f438d5a7385
250,692,776.87,2025-11-18T21:01:47.271Z,Efectivo,f7cc0c52-7d89-4dcc-8787-69debc0744f2
251,498,977.09,2025-11-18T20:15:21.578Z,Efectivo,2b21c197-c0e6-4c28-a029-ce52ccaaba6f
252,294,534.20,2025-11-18T06:38:09.494Z,Tarjeta,8ac8fffe-80ad-4216-8589-35ac5db30b85
253,472,903.87,2025-11-18T19:46:20.848Z,Efectivo,ddb13d7d-ab63-44c9-ad35-10560315f2d8
254,547,13.95,2025-11-18T12:56:28.460Z,Transferencia,5d2f3825-ee32-4821-acd2-ecc4568792c5
255,573,599.53,2025-11-19T01:24:15.794Z,Tarjeta,6015e8e1-7c1c-45f5-b7fc-efcb1a1e22f1
256,801,199.29,2025-11-18T19:36:54.959Z,Tarjeta,e3fe517b-b9df-4525-beca-5e80ce698374
257,92,659.04,2025-11-18T05:27:51.557Z,Efectivo,0667446e-0356-4e58-b0c4-70646b9cd3fd
258,84,291.38,2025-11-18T14:05:43.570Z,Tarjeta,20e01b89-ae9c-46c7-a257-5dd41bc24e05
259,401,419.58,2025-11-18T07:00:20.875Z,Efectivo,dedccae0-34d2-4205-846a-9a83cf815fcc
260,146,578.11,2025-11-18T18:36:45.094Z,Efectivo,b760631a-e899-4918-af18-2698f2757f57
261,610,604.44,2025-11-18T05:10:13.610Z,Transferencia,1d3d2ba6-0ebd-43e6-be4f-8df539c6f492
262,867,309.32,2025-11-18T22:35:55.229Z,Tarjeta,f0f0e32c-9bcc-49a6-9fb5-557ecc6c57e7
263,104,389.03,2025-11-18T13:51:44.068Z,Tarjeta,6bd809d3-a429-4818-8a18-0cc78dbb7004
264,75,866.66,2025-11-18T16:56:22.839Z,Tarjeta,271c0f42-154b-4103-a446-4a8332f8a9b5
265,480,17.83,2025-11-18T21:31:59.519Z,Transferencia,b7ad4eda-62be-4d94-8a57-b9dab08bf939
266,11,769.76,2025-11-18T13:08:38.920Z,Efectivo,fdc350e6-6883-4674-b583-13421246614d
267,848,129.12,2025-11-18T09:54:28.023Z,Tarjeta,42f4a283-e08a-49ce-9f84-6873cc8b393a
268,448,507.53,2025-11-18T21:28:58.540Z,Transferencia,e5b1d694-7d84-4b3e-9138-3cdc32819ca9
269,459,953.64,2025-11-18T12:19:38.331Z,Tarjeta,b11da472-7907-4c23-bcd2-edb0e591b1cc
270,532,142.05,2025-11-18T02:56:28.409Z,Transferencia,814d5c5c-0608-470c-9e21-a5c9660be6dd
271,571,466.42,2025-11-18T01:54:51.145Z,Transferencia,b7991194-17b0-4775-a12e-0000fd76351b
272,349,374.76,2025-11-18T05:02:16.682Z,Transferencia,04a89fb4-5000-4a20-9afc-132e6569278e
273,154,873.99,2025-11-18T12:36:54.847Z,Transferencia,2aca2908-0d7d-4dbf-9378-0f5efdb97598
274,822,157.26,2025-11-18T10:27:20.286Z,Transferencia,ccbbe020-16e9-4437-aa21-756fc1e14725
275,482,624.73,2025-11-18T09:55:12.272Z,Tarjeta,314e9f8a-6510-4517-a777-c23a928df3b9
276,474,120.08,2025-11-18T23:34:19.627Z,Transferencia,4fac091d-fbf0-4c83-83b4-26a365195124
277,195,675.48,2025-11-18T08:26:49.385Z,Transferencia,641a0a21-045f-41e3-9dba-fe8e1ebd2e9c
278,862,864.52,2025-11-18T09:27:57.647Z,Tarjeta,83d573f1-957e-4400-b4c2-6b388d374792
279,275,476.53,2025-11-18T08:41:02.294Z,Efectivo,ff1192af-5f2b-4b70-ad39-d6ba158b8ac1
280,136,523.43,2025-11-18T19:36:01.618Z,Tarjeta,9c7fc7c0-6371-4d16-9faf-0864e61fe28f
281,542,692.37,2025-11-19T01:09:41.634Z,Tarjeta,b929c2a1-3da2-4df7-89ff-f21bf54fa5b4
282,15,976.14,2025-11-18T21:34:03.888Z,Transferencia,19ae2863-319e-422f-b71b-3f04e71973d9
283,904,623.56,2025-11-18T09:51:06.326Z,Efectivo,1928e4d2-885a-4ceb-b5dc-4c7481e4a15b
284,768,628.80,2025-11-18T16:23:37.470Z,Transferencia,081f99b8-92d2-4d0c-8dc4-f371de648c7d
285,186,901.90,2025-11-18T18:02:43.510Z,Efectivo,a2852b01-ebad-4b2c-b97e-9b20596cd958
286,667,401.87,2025-11-18T06:34:20.171Z,Tarjeta,21a1c840-e886-4a6f-a8a6-d9e18c53fec4
287,313,228.58,2025-11-19T00:15:23.207Z,Efectivo,352a9c11-21a2-4daa-a6c8-f5a86223581c
288,752,44.71,2025-11-18T23:43:12.786Z,Efectivo,a892cafc-c52e-49b4-a6e8-a07cb0470688
289,220,875.40,2025-11-18T12:27:40.506Z,Transferencia,34eee19d-c906-4186-a6b0-09afdb002ef8
290,526,464.41,2025-11-18T09:14:36.927Z,Tarjeta,2cbf1d97-95f7-4568-a5b2-bb7c43258ac6
291,472,287.34,2025-11-18T17:24:33.534Z,Tarjeta,2562df81-bde4-4068-a325-632b8a8c1b3f
292,135,655.10,2025-11-18T07:09:25.534Z,Efectivo,9e206cb3-fe5f-4666-8677-7bd46c5c2b28
293,541,412.48,2025-11-18T02:09:08.172Z,Tarjeta,371c255e-5748-4db4-942f-9a2a9c751938
294,516,869.32,2025-11-18T06:01:35.968Z,Efectivo,2c7a5260-fc52-4a91-b2b2-d55c4e2448dc
295,186,101.53,2025-11-18T19:34:10.998Z,Tarjeta,5eb2cdb7-2b8d-4352-bdde-93ab51e510ae
296,226,79.15,2025-11-18T09:11:02.330Z,Tarjeta,28538975-f3d3-46f6-b7a7-7371fb18fb85
297,416,35.63,2025-11-18T23:00:27.382Z,Efectivo,ee390ff1-7f51-4ab8-a53f-8d4c1c9ea6bc
298,993,289.39,2025-11-18T20:03:54.133Z,Transferencia,574527f7-bed3-4626-b5d6-b10aedd4d1e2
299,845,830.13,2025-11-18T22:09:01.939Z,Tarjeta,e02ecf06-e417-4a8f-a2eb-76125c65788f
300,900,394.88,2025-11-19T00:42:12.652Z,Transferencia,60651661-e570-41b6-9705-9cf167fe6aad
301,127,434.97,2025-11-18T03:15:24.805Z,Efectivo,d25bc4cc-4675-4f16-8c9f-dc0125e8e6e1
302,471,49.41,2025-11-18T21:01:34.838Z,Transferencia,90f0967c-0f4f-4d3c-a00e-ee987068497a
303,375,869.74,2025-11-18T06:04:41.932Z,Transferencia,5f26367e-7fd4-4b0d-911a-82385f35feb4
304,75,252.31,2025-11-18T23:16:10.335Z,Transferencia,6265a595-e338-49ff-9bec-642d625957d0
305,235,676.61,2025-11-18T05:19:01.654Z,Efectivo,43ebf64e-efb1-4c7b-96d7-4d27b4905161
306,937,360.04,2025-11-18T13:01:18.211Z,Transferencia,183bf043-9531-406e-a4ac-9caae66e6481
307,917,333.22,2025-11-18T20:42:20.870Z,Transferencia,adc6138b-ec78-4162-b73d-fec9b73bb80c
308,144,184.15,2025-11-19T00:48:29.752Z,Tarjeta,78be8e0c-990b-4ff0-96ed-342f26254621
309,107,40.77,2025-11-18T11:45:36.901Z,Efectivo,9aed638e-3953-4d1d-83c9-8d09e851d7c0
310,819,529.82,2025-11-18T05:36:16.933Z,Tarjeta,4e78078a-9e0d-4d5c-b9a5-3a8714a455a1
311,876,140.32,2025-11-18T03:24:01.405Z,Transferencia,35d89d01-1a48-40f7-922e-eb47c2188ee1
312,645,894.49,2025-11-18T15:54:18.969Z,Tarjeta,fe44aa76-cdb1-4885-b250-47f8faeb0f0b
313,148,424.56,2025-11-18T11:04:46.252Z,Transferencia,55aaeae1-443f-4119-b047-4afdf7b9be2b
314,230,145.26,2025-11-18T10:07:01.128Z,Efectivo,f638a10b-b9f5-44bc-b1df-bf37956fa535
315,790,477.96,2025-11-18T03:44:12.162Z,Tarjeta,d668486d-ed19-41c9-83a6-39a36994e911
316,798,275.93,2025-11-18T10:07:18.551Z,Transferencia,cd7b5dde-a548-4fd5-9928-f5d7c572cfa5
317,672,500.39,2025-11-18T05:24:56.730Z,Efectivo,f0e2445a-2816-4d06-8c9a-7972197f8940
318,984,805.66,2025-11-18T11:45:53.365Z,Tarjeta,9a0b51f5-e387-4198-9485-a9491880c9c3
319,4,948.79,2025-11-18T04:35:34.876Z,Transferencia,77fed584-6cb2-4358-b34e-1203de401b62
320,539,607.65,2025-11-18T02:21:58.150Z,Efectivo,444f62a2-5bb9-4854-8f8d-630ff2fe7cd5
321,777,319.88,2025-11-19T01:14:08.264Z,Efectivo,13760e45-9ea2-4eb3-b68e-e168dd9b2c9b
322,75,795.85,2025-11-18T05:14:34.768Z,Efectivo,413828b9-8ebe-4064-853b-ac40e57f55a7
323,818,650.63,2025-11-18T22:27:23.081Z,Transferencia,445c9e75-2b08-4f72-a762-c1f185052721
324,453,515.86,2025-11-18T15:57:03.459Z,Efectivo,ee90c025-4a9c-4721-9dd7-88e4107fd7eb
325,659,785.32,2025-11-18T05:39:03.333Z,Tarjeta,ca54d39c-ac06-45bd-b484-2544d6fe75f7
326,39,373.50,2025-11-18T12:49:49.110Z,Efectivo,cccff09f-127a-4d3d-9a28-30c5afd84574
327,634,38.00,2025-11-18T16:20:11.384Z,Tarjeta,9c7a2ec3-62ba-41b5-9d5c-31e07b98418d
328,164,103.84,2025-11-18T07:33:53.171Z,Tarjeta,2084c18d-30b4-458d-9c1b-a6e998452986
329,452,611.65,2025-11-18T22:02:40.714Z,Efectivo,5842298d-da93-4c36-9d81-91ab1ed3f982
330,722,439.67,2025-11-19T00:38:08.018Z,Efectivo,deb5ee82-3dce-4af1-832d-9cd4bdf89d0a
331,420,519.53,2025-11-18T16:20:21.429Z,Tarjeta,c87fd9d5-f041-49ca-8df3-b514a919d243
332,835,625.84,2025-11-18T02:39:08.062Z,Tarjeta,edbf4983-94d0-4bfa-b2cc-9a9e0c1ac519
333,256,963.93,2025-11-18T13:56:01.897Z,Efectivo,d69bc4e5-2e78-40bf-9bc5-cb8523855693
334,863,833.76,2025-11-18T22:50:27.391Z,Tarjeta,cf12fabd-a8fc-483d-ad59-0080fa4d6f11
335,929,637.04,2025-11-18T17:53:43.705Z,Transferencia,b3f66fbd-7327-4da5-aaab-9f80b749a616
336,812,721.11,2025-11-18T21:34:23.544Z,Tarjeta,fa1e76ad-b6b6-47e6-b151-b8ea470666ba
337,767,336.71,2025-11-18T11:35:10.326Z,Efectivo,1e4f94f7-6490-49eb-8483-7bee07ef07e1
338,169,37.42,2025-11-18T08:54:32.465Z,Transferencia,0e376da1-5087-44f3-9809-ba03d37d3508
339,246,651.55,2025-11-18T05:17:54.368Z,Tarjeta,a0d8f26b-b17b-4240-b9e1-0db5243b92f7
340,858,470.19,2025-11-18T16:00:03.736Z,Transferencia,547d9b9b-0173-47f5-b29e-5c0ce2e084e9
341,648,59.06,2025-11-18T21:44:11.062Z,Transferencia,078bf8fc-8c3e-4ba7-b7ef-70a468baf61d
342,105,74.36,2025-11-18T09:12:06.413Z,Transferencia,0e9d9431-e631-49b0-9596-e190bc1b977e
343,144,549.34,2025-11-18T23:50:12.025Z,Efectivo,b5abac3e-78ce-4799-aa32-17bc0c4e151b
344,463,13.50,2025-11-18T22:23:22.373Z,Transferencia,075010ad-5aed-41e5-a96c-d3ab3c85fe34
345,338,691.97,2025-11-18T23:35:27.655Z,Efectivo,8a314c39-5652-4ba3-8a2f-cfb63f307be3
346,510,310.54,2025-11-18T09:44:22.156Z,Efectivo,4058d5c8-4f5c-4d05-8f3a-9d4f87de61dc
347,124,223.69,2025-11-18T01:46:55.672Z,Tarjeta,d849b9c7-86cd-4adb-8bd5-982e52a4ed63
348,894,111.35,2025-11-18T04:18:23.264Z,Transferencia,f645dc4e-8fa2-474a-a537-57ddddf04bda
349,579,345.16,2025-11-18T05:36:46.941Z,Efectivo,0d70f97e-4c0e-4478-a4bb-278d2b499ba2
350,31,12.46,2025-11-19T00:13:45.936Z,Tarjeta,66f24ebe-1d38-4237-a89c-730619d6c519
351,350,182.14,2025-11-18T19:35:44.311Z,Tarjeta,03bee106-785f-4903-81d5-600996717c2f
352,299,754.81,2025-11-18T03:58:19.183Z,Tarjeta,397c7d01-7686-4328-9b05-c26ac4566f1b
353,297,831.97,2025-11-18T16:38:23.361Z,Efectivo,c7eef764-e867-4331-b1cc-4a4b491205c3
354,392,591.08,2025-11-18T08:04:52.343Z,Transferencia,d0d640c1-9e8f-4c9d-9586-98b3abe87b1a
355,914,96.98,2025-11-18T04:00:08.878Z,Transferencia,768fedde-2a3b-4155-bb6f-afe5b2f30099
356,991,345.08,2025-11-18T12:35:39.789Z,Tarjeta,2cdc99de-c0d0-4abd-8be4-cc4911aa1879
357,112,150.04,2025-11-18T06:18:57.789Z,Tarjeta,aba1f0ab-b245-4e0c-a784-4c9fa5fa2400
358,694,594.78,2025-11-18T02:30:52.293Z,Transferencia,6e14043a-801f-48fb-a4e2-fea62be6076d
359,626,684.31,2025-11-18T07:09:27.636Z,Transferencia,73c0ea70-bb5b-4ed7-8737-ee823f355e32
360,679,431.89,2025-11-18T03:31:14.548Z,Tarjeta,60c3cf10-9fbd-43bb-8a77-ca2cedd14301
361,167,566.19,2025-11-18T03:14:31.189Z,Efectivo,6ad0ce68-e561-4570-83b8-34e62d24fc1f
362,750,440.23,2025-11-18T07:09:30.328Z,Efectivo,252abc79-160d-4049-a69b-b48ec3bec14a
363,500,563.14,2025-11-18T21:31:43.946Z,Tarjeta,7240031a-5bbe-4b3c-9ae4-51988d657e6a
364,433,732.63,2025-11-18T16:10:47.681Z,Efectivo,0b8feaa7-e829-45b6-b06b-cfb92991a235
365,667,56.23,2025-11-18T08:25:37.850Z,Tarjeta,81e5d91a-2c58-4cd7-b8c4-b070f2c23118
366,326,75.57,2025-11-18T21:05:38.927Z,Efectivo,2b897040-9f24-4e60-812d-839b85a64dcb
367,265,701.85,2025-11-18T21:56:13.875Z,Tarjeta,edd91ad3-0141-4622-b90e-b150d34f81f6
368,587,343.86,2025-11-18T08:35:34.219Z,Tarjeta,ec74e706-ebfb-4e9a-bd92-655becd1f98c
369,263,96.17,2025-11-18T05:07:25.516Z,Tarjeta,ee07172f-4da9-4295-812c-dff6e68485a7
370,854,930.15,2025-11-18T18:01:05.043Z,Transferencia,edb60581-22dc-473f-8501-2ba80ede612f
371,230,46.18,2025-11-18T22:28:21.648Z,Tarjeta,3d3bc775-ef56-49eb-9a99-9ee7b5c2ea15
372,935,552.33,2025-11-18T13:52:02.331Z,Tarjeta,932e7b1c-c6d4-44c0-b98b-a95767861a0c
373,269,641.68,2025-11-19T00:53:03.209Z,Transferencia,e9324ecf-6b72-4159-ab42-1ef8b93947c5
374,878,614.45,2025-11-18T21:14:21.473Z,Tarjeta,1f07d3a5-a0b4-421a-896e-0034672dadf3
375,560,868.48,2025-11-18T22:06:02.596Z,Transferencia,eccff579-fcfa-46d5-86b7-1576cd9c977d
376,208,306.27,2025-11-19T00:16:35.456Z,Tarjeta,86b22975-0547-4d5e-b8b0-857872f13875
377,360,539.42,2025-11-18T18:49:15.898Z,Transferencia,c531d6d0-5aec-41a1-8990-f9ba0d0bb416
378,70,366.62,2025-11-18T15:20:12.057Z,Transferencia,2ccc6e70-e30d-477b-9e49-97bd44074d32
379,577,392.39,2025-11-18T14:36:40.847Z,Efectivo,3f681bda-b88c-4b66-a3d3-6ac29634c9f1
380,89,712.19,2025-11-18T20:11:11.553Z,Efectivo,af5dbadb-d1f3-4942-b8a2-6f74f28c435c
381,339,852.33,2025-11-18T18:21:21.932Z,Tarjeta,4aa1640d-705b-414b-beed-f698c5818e7c
382,641,64.70,2025-11-18T09:22:10.547Z,Efectivo,49513028-0e28-4e4b-832a-28daa2ed28ed
383,764,793.72,2025-11-18T20:44:27.445Z,Tarjeta,598dad80-ad4b-42cb-a26c-3940f045c093
384,953,5.28,2025-11-18T03:00:13.622Z,Efectivo,c865e2e0-264f-4f12-a4af-50f9bde293e6
385,649,352.98,2025-11-18T16:55:45.050Z,Transferencia,b79eddd3-be5d-4950-8642-91efc6422d29
386,94,69.52,2025-11-18T14:00:14.486Z,Efectivo,2b45297a-5319-4e09-aada-d055dc3bf33d
387,196,588.66,2025-11-18T06:00:39.183Z,Transferencia,fcb59340-be1e-4c13-a885-36a20dd85841
388,478,988.01,2025-11-18T07:05:19.426Z,Efectivo,f250a32c-7165-40de-9e28-8261a5a6e76b
389,720,889.92,2025-11-18T12:44:40.075Z,Efectivo,10f53a56-c0c2-4e6d-988c-a9c4969ce278
390,832,533.91,2025-11-18T02:50:04.220Z,Tarjeta,1f00d9da-3513-405c-b7b7-701443330f0b
391,120,342.36,2025-11-18T13:28:05.827Z,Transferencia,6a188a91-539d-47a5-9324-21199e2739ed
392,666,577.10,2025-11-18T19:57:24.807Z,Efectivo,62007b33-077b-4a60-ac93-7d5141b8e09b
393,201,254.46,2025-11-18T17:07:48.955Z,Transferencia,2699b6ba-2112-426b-8e78-1128f628116c
394,536,847.33,2025-11-18T07:13:15.468Z,Efectivo,9e7e77da-522a-4fa8-8658-73861edf0b07
395,420,268.08,2025-11-18T02:43:23.639Z,Tarjeta,b6a830b9-d2fb-4d8d-9182-577abe1453d3
396,2,372.20,2025-11-18T13:08:14.636Z,Efectivo,aa529cf9-cac2-4b78-bffe-fb15ae86ed84
397,471,285.18,2025-11-18T11:18:29.112Z,Efectivo,3624b29b-46df-44b7-b4d0-7dc268586cfc
398,748,893.73,2025-11-18T15:28:26.226Z,Tarjeta,9473e6ae-d477-475d-8535-1cd1e93cb5c6
399,607,109.72,2025-11-18T08:39:53.452Z,Transferencia,fad33d99-2aca-4c40-b765-7f39df0db33d
400,50,263.35,2025-11-18T23:42:31.683Z,Tarjeta,a39c4985-7b77-4ecb-b06d-9a96ded744c6
401,386,88.17,2025-11-18T02:59:53.680Z,Tarjeta,e1612c2c-94b9-4450-a862-fb907739bc76
402,140,895.78,2025-11-19T01:09:12.079Z,Transferencia,de539505-c746-42f1-b99e-b48aa6f20c51
403,329,213.79,2025-11-18T05:12:11.314Z,Transferencia,91c50234-7596-4a57-a149-3cfac46e7ba3
404,476,22.36,2025-11-19T01:03:11.712Z,Transferencia,0af542d2-96e9-4683-b3c2-622fcf5070f3
405,62,202.62,2025-11-18T15:21:04.371Z,Transferencia,56f8a8d3-15a8-4584-8b94-4857a0a69a28
406,671,850.15,2025-11-18T14:54:12.449Z,Transferencia,7863293e-7026-4ab4-8d9f-1d13095eb07a
407,210,843.42,2025-11-18T23:01:05.448Z,Tarjeta,5eb225db-604f-4afb-a2a8-499c571486b8
408,167,757.63,2025-11-18T20:40:41.100Z,Transferencia,b7541683-0e5d-4835-ae08-e78f090099b5
409,768,263.13,2025-11-18T10:06:51.544Z,Efectivo,bcb426c9-5c25-4ad4-9e65-17585ae7457e
410,238,722.37,2025-11-18T13:36:48.272Z,Tarjeta,483184c6-9db1-4b0e-af20-13d824d6bb45
411,985,884.38,2025-11-18T17:03:04.789Z,Transferencia,525596b5-4ff8-48e8-8e4b-a9747fb41f6f
412,375,405.65,2025-11-18T11:14:41.368Z,Transferencia,4967d440-0c2f-4207-ba02-b76ee331fe52
413,633,463.08,2025-11-18T10:12:06.266Z,Tarjeta,800fe8d2-fc78-4623-98ca-158950a6c9ae
414,640,258.11,2025-11-18T20:25:42.829Z,Efectivo,1c41e14e-74ab-4be1-b12c-ef8054da1db1
415,886,164.10,2025-11-18T15:46:24.189Z,Transferencia,2b8b968a-6013-4974-97a2-187465a549d2
416,90,979.22,2025-11-18T20:40:33.532Z,Efectivo,27c8e0f4-57ce-465f-99ac-e4430cfe3c01
417,950,20.60,2025-11-19T01:33:43.505Z,Efectivo,8ec3aa1f-33e7-46b0-95a0-25db1f7ddce7
418,442,209.45,2025-11-18T14:21:21.884Z,Efectivo,f8a5d359-852b-4115-9531-3baff8a1a3f9
419,277,478.43,2025-11-18T18:49:31.820Z,Efectivo,b220aa16-f781-4ab2-8cdb-30e311d72efe
420,212,664.84,2025-11-18T08:59:23.771Z,Transferencia,29e34dbd-a99d-4df3-9d5b-9ca468c33ae0
421,214,703.77,2025-11-18T10:33:43.083Z,Transferencia,f754129a-a31d-47be-a90f-5f0548b515e4
422,500,965.61,2025-11-18T15:53:50.477Z,Tarjeta,c9581c36-27d5-4751-8719-14c42dd450a0
423,72,293.92,2025-11-18T19:43:31.709Z,Transferencia,ca1b6889-6177-4649-8a6d-55a6ca97455e
424,194,477.02,2025-11-18T21:44:31.746Z,Transferencia,9dced703-7656-4f98-8875-0f092e6a9cba
425,985,475.81,2025-11-18T05:30:13.322Z,Tarjeta,2f126622-0b28-4fff-b362-b3100a90a5de
426,867,995.37,2025-11-18T23:54:22.786Z,Efectivo,bffe76ad-55fa-47ec-9b6a-8b4b6c79dda1
427,134,0.07,2025-11-18T18:53:04.453Z,Efectivo,307a4e73-e6f5-42db-a592-70fd6dd1ba95
428,659,889.76,2025-11-18T12:46:19.174Z,Efectivo,48cf4ef5-a1bd-4951-9178-f332a0dc9ff9
429,874,775.02,2025-11-19T01:20:33.494Z,Tarjeta,27ffe688-560a-43d5-80fc-99be4a34cb14
430,302,288.11,2025-11-18T04:07:06.789Z,Tarjeta,d611cad4-3e87-4836-8bd7-9eff684c55be
431,858,520.66,2025-11-18T14:57:17.661Z,Efectivo,f0c163b2-2ee8-4d52-87ec-5085a10edf1a
432,50,982.22,2025-11-18T10:28:31.866Z,Transferencia,653f72f1-1434-47cb-9db7-63f16df07ec4
433,524,777.87,2025-11-18T22:37:15.255Z,Efectivo,e80115e1-06f5-4521-b356-9af48ff5dfb2
434,449,35.28,2025-11-18T03:54:39.274Z,Tarjeta,952fc705-fb5c-418b-936c-6f2455d2ccdb
435,996,90.72,2025-11-18T11:50:38.485Z,Efectivo,24ddfe0d-dcc1-426c-b251-ae58948b694a
436,835,900.41,2025-11-18T07:49:33.830Z,Transferencia,4edf914c-e784-4acd-94ff-daa181ee5342
437,1,947.65,2025-11-18T14:58:23.156Z,Tarjeta,80742467-f7d5-4126-8040-d78359ee03ea
438,188,433.64,2025-11-18T13:54:05.015Z,Transferencia,2f4aa3f2-57e3-4f71-b178-bdfa9f632e5a
439,289,842.29,2025-11-18T15:43:50.138Z,Tarjeta,d3cd58b1-fbca-40de-a03c-5f043caae62b
440,890,135.03,2025-11-18T03:02:22.256Z,Tarjeta,f0043e79-2acc-4641-881f-745104e6d9a6
441,452,358.50,2025-11-18T16:32:07.859Z,Transferencia,4ab04cec-a452-4602-b4a4-020e62a8377b
442,637,85.85,2025-11-18T09:11:25.410Z,Tarjeta,f4c7944b-69b4-43ff-b72a-6c9005a20229
443,496,327.21,2025-11-18T21:34:34.033Z,Efectivo,cbec0eb7-b9a5-4d58-b11b-4db9cdddecab
444,194,843.09,2025-11-18T08:52:36.375Z,Transferencia,003afd0e-069d-44f4-84a0-fdaff276e409
445,166,150.62,2025-11-18T05:24:42.687Z,Efectivo,420b69ca-b1f9-4757-a29e-b2b0a3cc1693
446,839,518.95,2025-11-18T23:11:51.248Z,Tarjeta,283ca467-339b-40aa-9f0c-f93dd3ce0223
447,269,748.55,2025-11-18T08:48:01.786Z,Efectivo,a4382c19-0a82-4614-9520-c0827087e3d6
448,774,575.57,2025-11-18T08:41:44.710Z,Tarjeta,78a2bb67-a850-4d97-9783-66be2135fc66
449,731,695.34,2025-11-18T13:38:56.757Z,Tarjeta,c599151d-17de-4b8e-8238-38c214561558
450,173,268.17,2025-11-18T23:14:54.712Z,Tarjeta,f8b00bb8-1f03-41a1-b888-90813d229820
451,818,405.31,2025-11-18T02:05:33.866Z,Efectivo,95fdbfe6-3b38-4edd-9ee0-28a4b7407d78
452,43,961.13,2025-11-19T01:09:01.451Z,Transferencia,97754edd-ec63-4257-831c-b2ebf267858e
453,184,384.40,2025-11-18T16:52:27.934Z,Efectivo,f2ffc891-ec95-4342-9103-a944d6ae14b2
454,389,641.66,2025-11-18T09:32:02.983Z,Tarjeta,b78c33cf-070a-4be8-80d1-94207f31d535
455,496,905.60,2025-11-18T05:48:59.147Z,Transferencia,38ec43cf-12c2-47ac-b6b4-4bc3172599e5
456,649,765.99,2025-11-18T04:56:07.061Z,Tarjeta,a77babce-9bfb-4fd6-b066-88b0717287b3
457,344,374.08,2025-11-19T00:26:48.595Z,Tarjeta,c21f8a2e-452a-4d14-9e06-dbd96d7d4ab2
458,320,702.24,2025-11-18T12:28:08.185Z,Efectivo,8c9cb3ba-fab1-4759-a07b-5a56ef1dc569
459,193,638.40,2025-11-18T07:16:57.327Z,Efectivo,6ffd8a8b-5b00-4ffd-a10d-084f33c7bcaf
460,777,192.18,2025-11-18T06:53:11.102Z,Transferencia,4f8fac9d-e59f-408e-a3af-2013ef4a65b9
461,900,258.38,2025-11-18T21:37:07.469Z,Transferencia,3e32a4fb-2097-44b2-8b8e-d102f56e966a
462,993,878.75,2025-11-18T10:59:33.401Z,Tarjeta,e8be0168-cbe3-435d-b706-64772b7f4e2a
463,734,336.88,2025-11-18T18:04:48.605Z,Tarjeta,7eeca1b4-5361-4c0a-8f9b-5681f61190fd
464,915,828.21,2025-11-19T00:40:24.414Z,Efectivo,9a84c01b-c93f-406d-b9c0-cb6c7eba09be
465,568,236.46,2025-11-18T12:42:05.831Z,Transferencia,6788e154-43b9-4702-ac02-898fac9025e0
466,92,409.97,2025-11-18T09:58:28.617Z,Efectivo,a5d74aa0-7e8c-4429-9b69-92763ad6717e
467,386,848.54,2025-11-18T20:28:30.494Z,Tarjeta,82eb1b4b-8d27-42e8-b758-9fbf12d73c1e
468,318,915.91,2025-11-18T19:44:56.854Z,Tarjeta,7ee2a852-9270-442c-83f5-8124589273d1
469,617,815.92,2025-11-18T19:52:47.680Z,Efectivo,d71fe6f7-b58e-4d4c-9ec7-63c1b23ebc90
470,587,449.81,2025-11-18T23:22:07.033Z,Efectivo,3338413a-470e-47f5-9787-d1c3322d10f6
471,391,727.93,2025-11-18T11:36:14.577Z,Efectivo,d04de35b-d717-4c01-809f-5e7e809548b5
472,589,541.79,2025-11-18T07:25:22.369Z,Transferencia,40ed18d5-bd79-40da-b69e-ab06e88744b1
473,280,535.10,2025-11-18T11:55:43.531Z,Transferencia,ce4509e1-6383-46e2-8cb8-ef28439a03a1
474,550,637.09,2025-11-18T07:24:33.862Z,Tarjeta,9a7e44bf-e27a-4a6a-8bf1-18dbe2635de2
475,455,818.04,2025-11-18T07:16:25.956Z,Efectivo,1acc7f86-06c0-4aa1-a13e-8164dcc08f8f
476,108,894.37,2025-11-18T08:21:37.238Z,Transferencia,69f2e4f6-6755-4611-ade0-dec42e54fe45
477,803,89.97,2025-11-18T09:00:37.345Z,Tarjeta,01dea2ae-2bc5-4cea-a88e-73bf3e07676a
478,119,279.16,2025-11-18T16:52:22.573Z,Efectivo,d1085acb-c3e3-4bae-a70d-6af970de60ea
479,505,28.05,2025-11-18T18:34:26.107Z,Transferencia,b1cfadb8-5c5e-4c15-898e-6737e38f8dac
480,621,447.51,2025-11-18T10:15:33.658Z,Transferencia,bf825312-a509-45ef-8c28-750c6e595a66
481,997,801.46,2025-11-18T03:04:43.903Z,Tarjeta,13d774f8-e8aa-4241-b147-36fb5887d7c4
482,306,417.85,2025-11-18T21:57:42.171Z,Tarjeta,71ffb7f6-4411-4e2f-9eb8-12cf2294bc77
483,233,668.33,2025-11-18T21:00:21.570Z,Efectivo,8dafbb0e-99cc-4c79-8925-0f8cda0ae204
484,334,812.02,2025-11-18T08:11:47.019Z,Efectivo,45a9ed6a-61d5-4507-a424-66be488d001e
485,252,442.78,2025-11-18T05:58:32.568Z,Efectivo,746b52f7-0019-4389-bfc0-9f8d9f100a26
486,376,920.10,2025-11-18T18:07:46.305Z,Transferencia,37181cb7-199b-4b74-80ec-795e27c0b1fc
487,906,500.08,2025-11-18T11:52:24.698Z,Tarjeta,54ffd6f7-35e3-4eff-b12c-065bc17d1cad
488,556,604.34,2025-11-18T22:11:47.871Z,Efectivo,78c61ef9-7035-48f0-adf0-c03e12fe0f17
489,313,744.31,2025-11-18T10:30:28.390Z,Tarjeta,81b7224d-d112-4635-a3d0-2467239f2fcf
490,646,699.33,2025-11-18T05:18:11.917Z,Transferencia,1e92d076-584a-43ef-bb73-52ca14245b72
491,832,71.22,2025-11-18T05:41:42.151Z,Transferencia,ac51d9ab-2cd4-447c-8c73-856698c221d9
492,160,244.97,2025-11-18T18:05:00.657Z,Tarjeta,d2c9eb6c-a203-45b7-8df8-f4444d7906d5
493,410,816.69,2025-11-18T21:46:22.335Z,Tarjeta,05294c09-11e3-4d09-89d1-e7ca01c9c6f9
494,230,354.59,2025-11-18T03:18:14.889Z,Tarjeta,869e085d-4717-4376-bcab-03e46e73a2f6
495,876,75.28,2025-11-18T04:26:52.477Z,Tarjeta,c5863762-8a29-41f7-8cf7-4de5ba091fe8
496,429,967.40,2025-11-18T17:00:35.665Z,Efectivo,12c90cf9-42f0-4439-a8a1-8ca94f235617
497,799,823.52,2025-11-18T03:22:41.461Z,Tarjeta,76be9484-9dd8-451c-9da2-b755a669de18
498,155,713.86,2025-11-18T03:57:59.741Z,Tarjeta,50ce9b25-6143-4f61-8476-2c3709648501
499,594,829.90,2025-11-18T01:46:24.603Z,Efectivo,e7f32334-b31c-4a37-9611-5f97d6b964c5
500,338,818.14,2025-11-18T21:56:02.631Z,Tarjeta,8967da58-9e28-41e7-bd6d-006a386a09b7
501,346,82.58,2025-11-18T13:01:44.520Z,Tarjeta,ed69c416-4fdf-477c-97ae-f7508708de33
502,13,589.34,2025-11-18T16:33:44.651Z,Tarjeta,0cef95fe-fac7-4a9f-b983-21df4d7127dc
503,398,232.00,2025-11-18T12:39:50.534Z,Tarjeta,082ca1e8-5d8c-4981-baab-42672a367979
504,72,536.45,2025-11-18T15:55:02.423Z,Transferencia,962e2c80-7d05-43a4-b0be-044bbebbb977
505,851,692.84,2025-11-18T20:59:23.831Z,Efectivo,891ca1f2-3094-46b1-8534-3601d5e26aa5
506,417,929.10,2025-11-18T03:13:09.595Z,Efectivo,760284da-a0b1-4253-be32-059dc5321a40
507,408,203.16,2025-11-18T08:48:58.831Z,Transferencia,e2f28dcf-7453-4a54-824d-8996684f4e51
508,198,444.30,2025-11-18T16:05:28.017Z,Efectivo,096ede6d-9382-4fdf-8248-e759a493eade
509,696,274.71,2025-11-18T07:02:52.573Z,Tarjeta,14bd0f01-9fa4-43a4-b4d6-deb96d1c388d
510,151,657.70,2025-11-18T11:38:22.813Z,Efectivo,3f2cef0c-bd5c-496b-acbe-ef424f10f230
511,44,583.83,2025-11-18T04:35:33.015Z,Tarjeta,69b05c90-1db0-47e3-96de-5d60bcbdf280
512,7,465.14,2025-11-18T20:59:33.550Z,Efectivo,cc51fbae-6798-435a-aa8c-75ca7c534aa9
513,315,678.53,2025-11-18T21:52:49.476Z,Efectivo,b7ee9c47-f1f5-4a53-b862-26ebc5750c3e
514,513,59.37,2025-11-18T18:07:12.106Z,Tarjeta,9042f5a6-0a87-4c21-a4dc-512b3942e3f3
515,230,329.61,2025-11-18T08:45:44.696Z,Efectivo,67c0256a-9f3d-4233-a993-7af6f7f02624
516,442,454.62,2025-11-18T17:04:18.237Z,Efectivo,59bb4b0c-42c9-4ee7-9fc1-092d6cff5ac0
517,366,577.04,2025-11-18T21:16:55.327Z,Efectivo,d595599f-a141-41c4-b2c0-b8bc785d9eb9
518,970,570.46,2025-11-18T21:04:12.811Z,Transferencia,e100f441-aae3-4e84-a81b-5d2166e7a94d
519,812,806.38,2025-11-18T18:38:22.349Z,Transferencia,f10e1d5e-428d-423c-a59a-333742d3ec89
520,122,30.05,2025-11-18T21:17:20.917Z,Efectivo,f5526c6f-e1b4-48ba-970c-90039cb52e78
521,249,357.51,2025-11-18T07:17:18.500Z,Tarjeta,22003dca-0b9f-4710-afda-892cfc50a7ef
522,742,866.15,2025-11-18T11:56:17.069Z,Transferencia,e6810985-074c-435a-ac7a-28b9b38f7e90
523,807,495.34,2025-11-18T03:11:11.924Z,Efectivo,d0e99318-e59f-4e6d-a089-963a750e2731
524,344,654.68,2025-11-18T12:27:06.576Z,Tarjeta,c003274e-9be2-4901-9122-aeeadca312ac
525,765,714.80,2025-11-18T23:55:04.567Z,Efectivo,aef7c077-c3d1-478f-b717-42530f50d788
526,46,436.31,2025-11-18T02:42:55.743Z,Transferencia,86e7310a-abac-425f-923c-a0b39258d8e7
527,107,118.81,2025-11-18T19:50:38.025Z,Tarjeta,753f21d9-e15c-41f1-af4c-9ddedfd1c87c
528,281,419.51,2025-11-18T18:39:19.087Z,Efectivo,87fccaac-aeb3-40b6-85d4-ce9b0801b3ab
529,930,984.10,2025-11-18T20:34:12.286Z,Tarjeta,ad3e7874-07f1-4a35-9ea3-3f060ba4dd07
530,58,931.56,2025-11-18T20:28:06.961Z,Efectivo,d0db1fe2-ad99-438a-acfa-4d02c0f41aeb
531,626,530.13,2025-11-18T17:59:46.805Z,Tarjeta,04adf515-4b37-4ae2-9db5-37ba45399e37
532,809,860.33,2025-11-18T08:44:06.631Z,Efectivo,72ac3b58-892f-4554-ac9d-b56fc4b9a4be
533,851,957.22,2025-11-18T20:08:11.343Z,Transferencia,63a43868-779f-4448-a5c9-f82ab5cbc34f
534,49,54.52,2025-11-18T18:44:52.383Z,Efectivo,24140bc9-4d9b-4f1b-b64c-7f92b462011d
535,183,453.60,2025-11-18T06:35:59.905Z,Efectivo,e0620585-68cb-4053-a7dc-c07eb80c815d
536,523,679.94,2025-11-19T00:18:11.744Z,Efectivo,2f2f6416-876c-459e-8f91-5fc7a40ea949
537,564,713.86,2025-11-18T05:49:30.359Z,Transferencia,b8b0c10b-0569-4eaf-89b7-b47edc84f109
538,311,112.27,2025-11-18T17:17:16.266Z,Efectivo,930ddd94-523e-4745-984c-7f4f60e85230
539,995,388.63,2025-11-18T01:38:08.929Z,Transferencia,2fb259fa-3cac-4e7a-b80e-c8e75c98a7bd
540,147,315.94,2025-11-18T13:41:34.663Z,Tarjeta,ef716ce2-5807-4c0f-80c0-8766867d104d
541,825,998.28,2025-11-18T10:03:59.956Z,Transferencia,8a377c19-b69f-49ad-8ee1-57d0d41e57c6
542,198,120.38,2025-11-18T22:44:14.018Z,Efectivo,703a51d4-44b1-40b1-83ef-c5262c4c26bd
543,44,384.41,2025-11-18T06:50:15.787Z,Tarjeta,174ba100-148c-4fe2-be89-1fe687b93450
544,894,997.45,2025-11-18T16:26:03.541Z,Tarjeta,ca9036a8-4b20-4c77-bb48-461d67fd6f7d
545,144,301.45,2025-11-18T19:30:37.218Z,Efectivo,69dcc327-bbce-494f-98bb-bf7f6d219d01
546,760,753.92,2025-11-18T19:47:42.586Z,Tarjeta,121518ef-1434-429a-8c6a-ad84229c3547
547,551,270.18,2025-11-18T20:13:12.870Z,Tarjeta,2140ed6f-80fb-4f9d-b2ab-982f7cfbcfea
548,177,369.47,2025-11-18T06:32:13.906Z,Transferencia,3eef83a3-46bb-4708-b838-5d299af803de
549,381,649.81,2025-11-18T06:53:10.311Z,Efectivo,052ad37d-b29d-4819-aa43-6142a827fa5c
550,50,32.85,2025-11-18T17:43:25.198Z,Transferencia,270b30dd-e91a-4829-992d-e79d62d8223c
551,787,80.77,2025-11-18T17:49:46.477Z,Efectivo,ecde8545-ee37-4aee-b70e-6709c2a6f5f3
552,160,30.92,2025-11-19T00:36:11.925Z,Transferencia,5b58a483-b4e5-41e7-bf02-f78a28ab4f06
553,601,710.41,2025-11-18T19:22:10.766Z,Transferencia,01e590b1-0445-4a3f-8e8e-3d5c3a4c93ec
554,696,554.62,2025-11-18T02:34:33.167Z,Transferencia,9362f449-c63a-4c38-8dfd-24db0e4e6598
555,358,938.95,2025-11-18T02:20:33.294Z,Tarjeta,6018d319-576f-4ffa-a9ff-cd64fbeaadcf
556,427,662.68,2025-11-18T02:52:13.260Z,Efectivo,4583c9d7-dbf9-4997-8a6f-3dffaf530e90
557,17,844.52,2025-11-18T15:20:05.935Z,Tarjeta,5a4a434e-7e1b-4ed4-b897-4c1d55fc27b1
558,896,302.00,2025-11-18T01:37:51.777Z,Tarjeta,f7b496e8-cd43-4eea-aa91-a086a7c925c8
559,22,215.14,2025-11-18T04:13:41.656Z,Efectivo,a0a755cb-4b5f-4eab-b830-81fafbc2b7f6
560,770,55.60,2025-11-19T00:23:08.080Z,Tarjeta,aa62b7f6-0949-421b-916a-d1c72225d50a
561,883,772.08,2025-11-18T22:14:21.765Z,Tarjeta,36905738-849b-4a43-9eea-fe813a25ed6f
562,650,94.07,2025-11-18T11:18:33.109Z,Tarjeta,d6cbc496-8b3b-4ea8-afec-a3c8e80e78ca
563,50,859.52,2025-11-18T02:09:47.644Z,Tarjeta,f38530ed-1bb6-4f1e-8c80-9a4ee7344ca4
564,468,996.41,2025-11-18T03:56:37.874Z,Transferencia,10934f07-ddb1-4aea-9d63-74a01b4ef073
565,808,115.22,2025-11-18T19:12:01.463Z,Tarjeta,15b9a205-a6e2-42b3-8cd4-2656d8e0dd03
566,104,76.61,2025-11-18T23:05:38.712Z,Transferencia,871dce59-1c21-4cc6-b4af-c2bdc2455cf9
567,355,405.01,2025-11-18T22:11:55.823Z,Tarjeta,b49d97c0-2f07-4c1c-a953-93dca6acb010
568,180,36.75,2025-11-18T01:38:56.795Z,Transferencia,b9404c6b-ecef-466d-8f95-f66fe61b9ad2
569,18,758.53,2025-11-18T21:00:36.305Z,Transferencia,32f76e57-406d-43f6-adda-2b148a26ca3c
570,144,271.72,2025-11-19T00:52:18.494Z,Tarjeta,09b10f71-6eff-48e3-bf4c-3fb3f2b0e870
571,988,856.35,2025-11-18T02:03:14.164Z,Tarjeta,492ae5fc-8322-4500-996d-03f7e6966d57
572,202,647.22,2025-11-18T12:33:29.710Z,Transferencia,c21b1d37-7cdf-456a-bf4d-9c76239a989c
573,829,220.47,2025-11-18T20:03:26.664Z,Efectivo,e6c974cc-10a6-4344-a197-b458deecb473
574,602,687.59,2025-11-18T11:25:18.381Z,Transferencia,88725ef6-98f3-4a12-aa12-9655ff4aa3f5
575,521,765.75,2025-11-18T02:19:19.063Z,Tarjeta,33e29b8f-b466-458d-ae86-5c6f629ebf95
576,818,550.25,2025-11-18T03:17:22.461Z,Tarjeta,9a1d5adc-fb85-47c1-a439-605cac5a3c74
577,814,375.11,2025-11-19T00:12:41.960Z,Efectivo,72214162-8d8a-4334-a06e-451158deb218
578,404,299.75,2025-11-18T15:23:55.090Z,Efectivo,477b44fe-adc9-4824-8205-3ba63ad0a563
579,838,298.20,2025-11-18T08:12:39.029Z,Tarjeta,022dc2ff-240c-4b4d-8773-3aac434cad74
580,665,559.75,2025-11-18T02:08:53.880Z,Efectivo,4eb9d8d9-e6dd-40da-83fa-0db742ec1277
581,690,262.94,2025-11-18T12:43:02.547Z,Tarjeta,00090437-18cb-46de-8737-995ea4f40a04
582,728,306.75,2025-11-18T22:12:54.166Z,Efectivo,e4c5296f-d321-45e0-afcd-6d79f049bc98
583,351,645.05,2025-11-18T18:04:35.061Z,Transferencia,7c112cea-031e-4ddf-b642-51f5342bb945
584,765,626.67,2025-11-18T20:26:15.938Z,Transferencia,a929de5f-6f50-4d54-b691-88da876b3183
585,230,404.66,2025-11-18T23:42:09.468Z,Efectivo,b50fe374-8bd8-4643-8cee-a16caed75507
586,75,30.27,2025-11-18T13:45:59.275Z,Tarjeta,931134ac-376a-4851-80ec-d7b58fa37365
587,520,11.13,2025-11-18T10:05:50.933Z,Transferencia,64d7aedf-5af6-4d8d-9742-a93a8ac6c910
588,630,334.48,2025-11-18T17:04:50.369Z,Efectivo,926dd1f9-302d-4e23-80af-29532546b7b5
589,124,789.07,2025-11-18T07:57:45.506Z,Transferencia,e3db69a4-9c63-44f5-aaaa-1e9d669ef493
590,406,704.93,2025-11-18T12:09:51.937Z,Efectivo,9d0c5a39-5a5d-4161-8628-f25c9963e50a
591,393,50.99,2025-11-18T06:00:11.272Z,Transferencia,01acfecd-fc76-4b38-adb7-14825cd93142
592,827,685.24,2025-11-18T18:53:26.363Z,Transferencia,1f1e0b71-ea2a-4aae-811a-a406ac1779ee
593,997,10.33,2025-11-18T02:41:04.693Z,Tarjeta,58bad944-bfb8-4425-a221-c87885b26030
594,44,600.71,2025-11-18T23:29:53.788Z,Transferencia,598bbe2f-a290-47a8-bb50-4e84e683665e
595,251,310.87,2025-11-18T04:07:19.961Z,Transferencia,e16b934f-90f4-4e20-99c5-7c0e4909b6d2
596,319,620.42,2025-11-18T02:31:57.157Z,Transferencia,43c880d1-cc27-40f1-acf9-b371f21aeb6f
597,787,188.89,2025-11-18T02:26:02.820Z,Efectivo,8ef2b217-6e86-436f-8cfa-1122dfe1922c
598,764,59.78,2025-11-18T09:33:23.315Z,Transferencia,09eb8bea-cec2-4f5e-b0f9-471bf1c7c29c
599,819,724.26,2025-11-18T14:20:15.417Z,Efectivo,c7d8a721-160c-4557-8c7f-42fce26eb820
600,378,490.93,2025-11-18T09:38:46.855Z,Tarjeta,71153c0b-47a0-4c5a-a89b-90b4134ce164
601,67,223.57,2025-11-18T16:56:45.439Z,Tarjeta,56669f1d-aad2-4584-a0d8-29f3d33e31a8
602,730,295.60,2025-11-18T07:19:16.239Z,Efectivo,63be2ff4-1f07-41a5-8d7e-ecfc1ca54e09
603,1000,568.17,2025-11-18T07:36:42.189Z,Transferencia,c2260903-c4b7-496d-b53f-38b164ae913e
604,557,520.40,2025-11-18T17:00:18.010Z,Tarjeta,2696f8df-5499-4adf-99b0-5484f24ecaac
605,264,102.36,2025-11-18T08:11:53.430Z,Efectivo,5364e84c-d7b8-403c-b8bc-f450042cf735
606,442,806.39,2025-11-18T02:18:30.789Z,Tarjeta,e493a52d-bfc7-4a81-814f-7bf4c88118e4
607,947,625.67,2025-11-18T22:02:21.608Z,Efectivo,c3338470-88ef-4895-b573-875291d9dd77
608,268,716.34,2025-11-18T04:46:04.570Z,Efectivo,963ec95e-94b1-4889-9cb0-028f5b2eeb70
609,403,960.35,2025-11-18T06:46:05.104Z,Tarjeta,e98d88ea-9d3f-4b3d-97a1-b1776269ef57
610,35,455.70,2025-11-18T21:14:02.315Z,Transferencia,1dcfbe5a-d375-4c79-acf2-e6392df3ae78
611,869,890.41,2025-11-18T16:08:56.230Z,Tarjeta,891531e4-6ff5-40a8-9194-a977063ccc82
612,807,439.00,2025-11-18T18:02:46.540Z,Tarjeta,25c2c465-23fa-4aa8-b40a-f35941bf1c39
613,538,729.40,2025-11-18T10:43:31.069Z,Efectivo,550cda60-5520-492b-a903-7c05c8404af4
614,136,463.56,2025-11-18T01:38:32.413Z,Transferencia,e31e09c5-41e8-4f2b-97f1-01431824333c
615,624,774.64,2025-11-18T10:24:55.649Z,Tarjeta,6dbabcd0-828f-4c80-92bc-b7d7aea177c3
616,796,286.03,2025-11-18T20:21:11.316Z,Efectivo,e8dc23d3-1f8a-4eab-a817-6eef29f8c5ce
617,669,184.27,2025-11-18T22:17:45.137Z,Transferencia,d4bf797e-a6ec-4f29-ad90-7b4f1ec826df
618,914,889.57,2025-11-18T08:57:31.607Z,Transferencia,55980c13-ddc0-4607-b888-d16f83d28ed7
619,894,836.78,2025-11-18T13:19:42.992Z,Transferencia,503ba553-eeae-45d2-8d87-d9d5bf96c755
620,246,368.62,2025-11-18T17:44:20.542Z,Tarjeta,6cea4308-6e94-426e-b381-62186e82391c
621,354,311.76,2025-11-18T23:03:11.783Z,Tarjeta,c8a07c88-c738-4b3e-818d-c4f47c34f5a7
622,689,265.10,2025-11-18T15:24:39.859Z,Transferencia,26f91abe-17b2-468a-ba6b-a0503be1d2bb
623,844,249.89,2025-11-18T20:54:16.206Z,Efectivo,f6548ce0-377b-4d25-99a1-1a8bfb45ac27
624,196,484.64,2025-11-18T02:33:14.462Z,Efectivo,17a1736e-61b0-4b19-a3f9-6e595fef1fa7
625,490,775.70,2025-11-18T15:50:14.566Z,Tarjeta,053b5e4e-e687-4215-8f40-f5b7a3b603da
626,638,93.78,2025-11-18T17:27:31.106Z,Transferencia,ed2a24c8-6e7d-4933-ba61-9c1e1b36677a
627,342,573.20,2025-11-18T13:12:34.533Z,Transferencia,43d4dc11-f07b-4c06-91c9-ae3765bd8693
628,242,899.78,2025-11-18T11:12:20.086Z,Tarjeta,322984ee-e4b8-4d67-b6a3-5dd6154d0beb
629,465,933.50,2025-11-18T13:04:44.763Z,Efectivo,9673dd47-af68-4116-9218-5e121f388256
630,634,345.71,2025-11-18T10:29:00.408Z,Transferencia,baa29a0f-4ebb-48a0-ab1c-bba917d5a945
631,682,861.18,2025-11-18T03:54:48.081Z,Tarjeta,286138aa-c1f9-4a77-a31b-4a712563e37b
632,801,152.86,2025-11-18T23:08:49.781Z,Transferencia,4c38895f-4a8e-4693-98f3-b607648e1f49
633,321,354.89,2025-11-18T01:53:59.560Z,Efectivo,d4cc1816-ea41-48f8-84a4-522416bc4621
634,172,23.26,2025-11-18T13:53:04.339Z,Transferencia,a1d433dc-e99b-4d0f-b5ae-3a37b5cd1f8a
635,156,94.76,2025-11-18T22:25:01.522Z,Efectivo,3730e4a7-2e2b-4205-b664-5534f3d7e88f
636,135,635.65,2025-11-18T07:08:16.710Z,Transferencia,26b5ce9e-f097-416b-9eab-e4181fb2a836
637,474,609.70,2025-11-18T19:44:05.439Z,Tarjeta,4ae18ae8-25ac-485c-823b-ec75030172ef
638,589,50.31,2025-11-18T16:27:20.942Z,Transferencia,79f4702c-51ba-4013-98b1-237498c8440a
639,555,719.51,2025-11-18T12:03:50.300Z,Efectivo,55ddd924-1b2f-4ed3-a44f-3aa472428857
640,321,914.66,2025-11-18T20:31:19.157Z,Tarjeta,dd1c3779-8506-42f1-9b9f-abfb5595ec31
641,161,165.02,2025-11-18T13:48:44.338Z,Transferencia,ffcf4061-2e07-44fc-ab92-8ad31e309da0
642,188,876.42,2025-11-18T17:57:10.300Z,Efectivo,2eb0f484-9533-4ad2-94e5-d8512d6ddd64
643,714,381.64,2025-11-18T16:52:37.353Z,Transferencia,fc7e9732-cec8-41d5-bece-1728a384bdea
644,675,499.02,2025-11-18T15:48:40.999Z,Efectivo,e2ab61a9-f616-4d0d-8161-a8712020e881
645,631,745.56,2025-11-18T13:55:46.346Z,Transferencia,2b8f2e62-c053-4de9-ac3b-a548baa4ac84
646,617,73.94,2025-11-18T02:00:02.211Z,Transferencia,ffe995fc-be70-47ec-b931-b9576c076fa7
647,580,691.76,2025-11-18T09:31:50.798Z,Tarjeta,ec5d00f7-a02f-45d4-b611-d691db9d914e
648,702,864.68,2025-11-18T09:09:39.829Z,Efectivo,6bab710f-3d32-481d-a4f7-43bef338f2f8
649,404,648.69,2025-11-18T12:32:44.245Z,Transferencia,dbc869f6-eb71-440b-a249-2673bb606626
650,280,754.46,2025-11-18T22:02:03.291Z,Efectivo,ed582f8e-aa69-4907-9bae-5e879522b8b9
651,493,624.95,2025-11-18T22:26:44.410Z,Tarjeta,7bc16ed6-efd6-4d95-9757-c78ca5cabcd0
652,797,804.05,2025-11-18T23:44:10.221Z,Transferencia,c681488e-cda8-47ec-8fbb-5dd432564ed9
653,688,126.71,2025-11-18T20:10:43.952Z,Transferencia,1c701e95-8057-4bc3-ae1c-3176ca8d6b88
654,677,917.85,2025-11-18T18:23:34.393Z,Transferencia,de22cf99-f4b0-4e6c-b5d4-4fcc0dd39af9
655,483,692.68,2025-11-18T09:07:48.687Z,Efectivo,af4b8c9e-91ea-4d22-bca7-67504988c6b0
656,599,903.25,2025-11-18T11:17:07.436Z,Transferencia,2bec45ba-7f6d-48a3-a6d7-493fc2c75493
657,302,190.52,2025-11-18T15:29:59.020Z,Transferencia,e7946f9f-b3c2-4773-a1d3-98cc2416e39f
658,56,125.36,2025-11-18T19:50:58.282Z,Transferencia,9b33c769-c77a-4c6e-abad-28fc82a54d20
659,465,425.50,2025-11-18T09:00:09.361Z,Tarjeta,1b1494d0-5b42-44ae-bd17-eda59201a6d5
660,992,283.79,2025-11-18T10:08:04.356Z,Efectivo,6a686618-712d-4a2e-b462-43d2e21ef9df
661,157,768.65,2025-11-18T21:34:21.820Z,Transferencia,85d2b67f-d955-4cd2-aaec-7e7b4dc574d6
662,258,977.07,2025-11-18T23:15:29.225Z,Tarjeta,17529ee1-14fe-4c7c-86e5-0d785510ba37
663,611,708.81,2025-11-18T11:11:35.440Z,Efectivo,a7ca9bd7-139b-49ad-aa6b-9befe70aca7e
664,387,453.12,2025-11-18T03:26:17.694Z,Tarjeta,4b6be925-ed39-49e1-bdfd-227103b157c7
665,501,441.64,2025-11-18T04:45:25.088Z,Tarjeta,dc1a2426-1c13-40f4-82d4-a1a5cfaeed3b
666,495,264.59,2025-11-18T22:58:26.367Z,Efectivo,03777f9b-a103-4124-9e6b-e07fc4687fe4
667,405,495.02,2025-11-18T11:00:22.534Z,Tarjeta,a1fe0b8f-df90-462c-8ba7-4cf0443d2629
668,273,140.52,2025-11-18T06:19:38.825Z,Efectivo,835aa8f9-b199-47cf-baf9-af446fccd926
669,796,796.29,2025-11-18T11:09:42.057Z,Efectivo,40951090-51c8-42b7-aa8c-a22568f5b973
670,382,997.65,2025-11-18T23:44:28.712Z,Transferencia,49c6c24f-2dcd-4986-8470-bccf65762315
671,8,246.33,2025-11-18T16:04:44.701Z,Transferencia,76f615df-7a3c-4ba2-817d-b8ff59b8b7a1
672,751,669.39,2025-11-18T12:03:47.918Z,Efectivo,fcd62e59-c6cb-42b9-9dc3-639958b54841
673,180,60.04,2025-11-18T17:05:02.665Z,Efectivo,5880000b-6731-4bd0-bdca-556519873f85
674,738,922.42,2025-11-18T10:08:43.867Z,Tarjeta,6df34b04-ca1b-44bb-a13f-e231ea6feab9
675,874,989.36,2025-11-18T18:42:09.230Z,Tarjeta,ec7b5407-0a91-41e2-b70d-b5c7e15ec500
676,157,980.24,2025-11-18T14:49:18.487Z,Tarjeta,01703ed1-2886-43c6-bbf1-5b08ea77093c
677,374,425.10,2025-11-18T16:03:56.589Z,Tarjeta,96770250-a289-4453-843e-d72877e391d6
678,959,342.16,2025-11-18T07:49:28.201Z,Efectivo,9eb6723a-802a-4a5d-9815-924038c27bde
679,538,234.37,2025-11-18T07:36:09.262Z,Efectivo,5525ace6-deba-4ec8-8ba5-51c724f9d555
680,440,28.64,2025-11-18T04:59:07.836Z,Tarjeta,f00d7e38-8e8a-48f6-a669-bb26fca7c40f
681,995,903.89,2025-11-18T13:56:06.441Z,Efectivo,63541bbd-828e-46ba-a83b-0a55ba4c335b
682,598,405.10,2025-11-18T17:34:22.108Z,Efectivo,e6db02e9-5d2c-4a24-9fdf-42a0a3bb831f
683,968,758.91,2025-11-18T14:14:10.356Z,Transferencia,4ee0cffe-ed65-4376-bd0c-70184a6860d9
684,58,140.48,2025-11-18T12:06:02.957Z,Efectivo,0484ea11-f17b-4d92-ad4e-170bc182666e
685,559,786.85,2025-11-18T09:12:25.116Z,Tarjeta,dd674181-d89a-41f7-82ab-8e74fe5e62a9
686,460,505.75,2025-11-18T02:00:23.099Z,Tarjeta,3cf820d3-8299-456c-8783-1243d480cf69
687,227,915.17,2025-11-18T21:40:40.323Z,Tarjeta,ebe5d2fc-bc46-4e2a-a8be-e5a89f1dda67
688,398,860.40,2025-11-18T22:32:19.147Z,Efectivo,50fb4147-6ab7-491b-824c-c6d5b1fd27cc
689,664,194.74,2025-11-18T05:48:43.901Z,Tarjeta,ec28e62f-7a0e-4d07-a32c-800f50a2ba47
690,193,124.81,2025-11-18T04:18:04.247Z,Efectivo,9c160a97-b405-4aae-b017-c9293c66dc5a
691,520,114.68,2025-11-18T21:59:49.191Z,Efectivo,50a921b8-70f1-48d5-b8be-1bd273521c52
692,2,524.83,2025-11-18T09:13:11.230Z,Efectivo,2708dfec-ef2a-4c77-ab4f-a463121c0cbd
693,355,964.06,2025-11-18T16:25:45.770Z,Transferencia,44e17136-50af-47e9-8c99-cfebb3234f5e
694,986,548.45,2025-11-18T12:30:10.621Z,Transferencia,8960faf6-84b7-4735-8b6e-443e6351288c
695,524,598.09,2025-11-18T14:12:59.275Z,Efectivo,1af1637c-e8ba-498d-bcba-6f54ae738d0b
696,285,615.29,2025-11-18T18:49:25.193Z,Transferencia,fcaedba2-ef89-44cf-b79f-592ad58cdf29
697,99,401.96,2025-11-18T22:52:29.967Z,Transferencia,3516f870-e891-4fba-82f1-db637c665acd
698,413,91.15,2025-11-18T23:39:57.810Z,Efectivo,ead7b2ac-f7bb-41ab-9004-49fd0f9ba96f
699,190,482.19,2025-11-18T10:25:14.265Z,Transferencia,7aa796ee-e9c3-4b5f-9a03-abd617a30714
700,239,772.36,2025-11-19T00:17:35.186Z,Tarjeta,158cb4b6-f015-45a0-9741-66eac68d02b8
701,847,974.32,2025-11-18T02:00:24.272Z,Transferencia,8e10f040-cae7-4fba-9032-cb94f65e17c6
702,570,6.71,2025-11-18T11:27:57.266Z,Efectivo,390e24de-0f48-45c8-b5fe-d3736dd9fdd3
703,905,26.34,2025-11-18T06:45:05.865Z,Tarjeta,2f86d2af-8ccd-4af8-8d1f-d193e10481aa
704,558,303.65,2025-11-18T23:05:53.841Z,Efectivo,78ae1158-ce50-4d0b-95c4-75a0b328e066
705,204,732.55,2025-11-18T05:55:27.903Z,Tarjeta,47dd7fd3-9ee1-4148-aa0d-ebcc6e36ba31
706,444,160.43,2025-11-18T03:54:32.685Z,Transferencia,2349e2c8-407e-402e-a2b4-55d1dc5bfd02
707,91,91.80,2025-11-18T09:10:36.330Z,Tarjeta,83ac36b4-5c64-496f-962d-f24807ba0f4b
708,424,241.73,2025-11-18T05:43:59.184Z,Tarjeta,8a828dc9-3d55-4f10-b14b-74e076467ad6
709,261,542.88,2025-11-18T06:48:09.593Z,Tarjeta,c20ade1c-5690-4df3-b301-1626cfee825b
710,380,616.25,2025-11-18T06:39:41.640Z,Transferencia,c072b6e2-f6c2-4a08-bbf1-b20314173e42
711,994,536.71,2025-11-18T23:55:44.678Z,Efectivo,b28dc8f6-315a-4b1d-b1d5-2f0d665ac32a
712,928,842.12,2025-11-19T00:32:37.680Z,Tarjeta,2576fdd4-d0bf-46e1-a0ee-2bafb16a2ed5
713,992,830.69,2025-11-18T03:06:55.037Z,Transferencia,16197660-9816-48cc-9881-833053429bab
714,378,623.16,2025-11-18T04:36:46.859Z,Transferencia,9a8ead3f-b058-4ab0-b1fc-7ef83ee783a7
715,404,318.45,2025-11-18T08:27:56.335Z,Tarjeta,8c386045-1c70-4e62-b527-69486dbe9096
716,586,710.70,2025-11-19T00:46:15.036Z,Tarjeta,2421edc8-9041-4aff-8017-5cf01331f765
717,225,121.10,2025-11-18T05:39:14.762Z,Transferencia,78991bd4-0b5c-44e7-8934-0a35fdc6ac1c
718,209,316.87,2025-11-18T09:57:35.167Z,Tarjeta,e3be6718-4f82-4d28-8bfd-f88c281718b8
719,436,746.71,2025-11-18T02:27:05.273Z,Efectivo,d3967c9d-e0f5-4e2e-80d3-15a34ef43c5f
720,426,66.33,2025-11-18T04:22:40.486Z,Tarjeta,98f46329-8ba3-429c-9359-ab3dcf91730f
721,388,516.22,2025-11-18T07:39:37.789Z,Efectivo,ad592ab6-b1d9-4428-849b-496d730c805c
722,15,127.45,2025-11-18T09:41:52.385Z,Transferencia,1f851d35-2842-4576-ba1e-1022259fa712
723,944,529.84,2025-11-19T00:48:15.005Z,Tarjeta,66ab4945-a641-4f17-8b2b-ec9d78d47a22
724,854,824.72,2025-11-18T14:40:48.591Z,Transferencia,c8236e77-9d30-4218-a307-6fe3ec6c9130
725,615,74.86,2025-11-18T22:19:25.137Z,Tarjeta,8e5c30c9-4e7a-4b15-9325-c4a21e10c6c8
726,883,434.76,2025-11-18T12:58:45.470Z,Tarjeta,4eacf2cd-84fc-4300-931a-6556f80d9681
727,548,621.63,2025-11-18T12:15:45.413Z,Efectivo,66035be6-08d5-467f-b459-3e3f3341ecae
728,439,122.81,2025-11-18T23:14:24.797Z,Efectivo,1a22df52-00e4-450b-aa70-2353ade77b04
729,162,73.71,2025-11-18T11:27:14.791Z,Transferencia,70736bb6-b106-4331-8f6b-5f6d537ad5cb
730,404,747.02,2025-11-18T18:02:28.022Z,Efectivo,1cf88eba-f247-46d4-93a3-861a9cd79498
731,76,514.17,2025-11-18T11:08:53.780Z,Transferencia,a89de3a3-269b-4b72-a999-28e22f74e831
732,627,318.68,2025-11-18T02:59:45.356Z,Transferencia,bbfcd7dd-b7f5-436f-850c-fdc361a8f585
733,173,351.62,2025-11-18T07:41:57.710Z,Transferencia,17d2ea01-4452-4fc0-bf48-8cf79c7a7ecf
734,533,36.73,2025-11-18T16:28:00.008Z,Transferencia,7a96d340-54cb-4a47-8531-92ff554c876f
735,600,753.62,2025-11-19T00:16:24.057Z,Tarjeta,f84a8964-a7fc-498c-a7ca-25cc428e2daf
736,723,350.52,2025-11-18T01:57:13.806Z,Efectivo,40d08d36-34de-4d4a-bc15-1fa738d65edb
737,611,187.14,2025-11-18T07:46:19.570Z,Tarjeta,17d3ce22-e851-457e-8dac-560bc22a4450
738,668,233.18,2025-11-18T05:09:01.064Z,Efectivo,e0c35ecc-3f7a-4c4b-b374-7110010614b6
739,746,869.22,2025-11-18T18:44:01.145Z,Transferencia,f85a6725-de1a-43f0-884a-5a81756ee1e3
740,577,545.76,2025-11-18T19:15:15.753Z,Transferencia,5d7ac5b6-858f-4c42-a648-6e209860b17b
741,931,615.89,2025-11-18T19:06:55.028Z,Efectivo,71191a62-3927-44ea-bad1-c27a4880ee31
742,894,13.67,2025-11-18T21:18:29.074Z,Efectivo,c95825fe-f586-4c24-ab64-ce4e6c0baa65
743,468,209.14,2025-11-18T20:59:46.394Z,Efectivo,26567598-8244-44cc-ae9c-9056ad827760
744,292,645.75,2025-11-18T11:34:08.110Z,Transferencia,fabd9dbf-1b7c-4fac-91fa-e7c0d9d5c4e9
745,961,294.65,2025-11-18T13:53:31.434Z,Efectivo,6844e478-cde3-419d-9749-3071c0055fac
746,397,460.43,2025-11-18T14:47:45.751Z,Transferencia,9bb21b7f-9e2d-465c-bced-094937f1378c
747,512,427.02,2025-11-18T08:42:22.526Z,Efectivo,06082047-1f57-40a8-9085-18102e1d8a04
748,109,192.13,2025-11-18T12:41:36.368Z,Tarjeta,f0f6c805-a36a-40c5-8cee-7206a9550d8e
749,646,371.48,2025-11-18T04:28:39.332Z,Transferencia,7eb06b6e-fbd3-4ddf-9976-437fb9eb5b9c
750,859,751.94,2025-11-18T15:47:35.453Z,Transferencia,90974583-abd1-487c-bacb-21bc7e37f401
751,215,114.80,2025-11-18T18:04:17.855Z,Tarjeta,9c46829c-a85d-4856-9f74-7f65454ad69e
752,982,294.63,2025-11-18T23:20:59.854Z,Efectivo,ffdad83d-b0d4-4256-bea8-64cac5e34ba6
753,994,766.11,2025-11-18T19:49:24.456Z,Tarjeta,ed0f36d9-3f30-430d-912a-95dc8776955a
754,654,14.79,2025-11-18T20:34:19.869Z,Transferencia,c046bde2-e5e5-4d67-92a4-8e5085faf206
755,337,806.74,2025-11-19T00:27:16.038Z,Transferencia,ce9b0687-6769-46f5-b48d-f09a2a7f9240
756,228,547.82,2025-11-18T14:39:23.725Z,Tarjeta,ef1bdb6b-1b9a-4474-8ca9-f1580952eed0
757,243,739.13,2025-11-18T02:49:43.008Z,Efectivo,0add6a2d-5301-4866-b7bb-242aa781d2d5
758,491,430.72,2025-11-18T19:55:59.501Z,Tarjeta,c1db4ec7-a24b-4bf6-a996-4cab6bbd8f1f
759,379,123.14,2025-11-18T11:34:23.827Z,Efectivo,16eab549-ec88-490d-a17d-2c4c9e6a6e16
760,677,179.48,2025-11-18T07:22:02.143Z,Tarjeta,dcfd04cd-7d92-4707-9bb0-c2510441834e
761,11,546.60,2025-11-18T12:55:09.295Z,Transferencia,d9c27768-489c-47f5-8316-acdd22278447
762,913,618.94,2025-11-18T09:23:24.161Z,Tarjeta,ec6c45e7-282a-4643-8be2-33b53560da2c
763,588,110.08,2025-11-18T04:44:58.911Z,Efectivo,9f055b87-4178-483b-b19d-b503330b8bd9
764,206,113.89,2025-11-18T11:47:39.112Z,Transferencia,1780ea57-0f3f-4cf1-a124-84180525558d
765,497,604.14,2025-11-18T03:44:31.947Z,Transferencia,20ff0466-946e-405d-80d9-a7271fc8af97
766,207,883.45,2025-11-18T19:22:42.637Z,Tarjeta,2f2df935-5dd3-4c35-b82e-ced3af4e4b12
767,480,323.45,2025-11-18T15:15:16.941Z,Efectivo,f6a51fb8-7e9e-40c2-8675-bb552182bdb6
768,96,660.83,2025-11-18T13:15:16.752Z,Tarjeta,c0216834-b787-411c-bec2-d24713ec4894
769,911,557.72,2025-11-19T00:06:53.206Z,Transferencia,0a824cbc-e3fa-4bc8-8681-d084396662a3
770,587,271.50,2025-11-18T03:09:49.461Z,Tarjeta,f926038e-d865-4bf0-847c-e712e61d6e96
771,364,101.04,2025-11-18T07:32:32.850Z,Efectivo,dbfc056d-872e-4504-9608-13bfcf10949a
772,915,303.82,2025-11-18T14:59:46.935Z,Efectivo,209bceca-c027-40e3-bb91-d5ba304856b0
773,210,522.61,2025-11-18T09:06:32.176Z,Transferencia,a8437085-6f0e-4a61-9583-2f0a99348ca5
774,382,890.52,2025-11-19T01:11:47.987Z,Tarjeta,fdbec923-e0e3-46f0-ba70-c6548e42ba93
775,603,389.92,2025-11-18T20:40:16.809Z,Transferencia,61298161-3f37-4345-86b8-95c5b82bb216
776,441,72.73,2025-11-18T02:52:33.896Z,Transferencia,2eae4767-eb2e-47a7-850b-db0deddc8e13
777,560,708.79,2025-11-18T05:25:03.993Z,Transferencia,8d9a9e01-8125-422f-9df5-5d53b340752d
778,955,856.97,2025-11-18T02:30:30.755Z,Transferencia,ed4030e8-1f24-4609-b2be-2383915c573f
779,575,96.02,2025-11-19T00:07:17.382Z,Efectivo,581dcb04-6b32-48e3-96df-2e0de0f255b4
780,307,416.19,2025-11-18T14:01:09.575Z,Tarjeta,042345a3-e7ca-4f34-9939-d8683348c0cd
781,651,389.24,2025-11-18T09:06:41.188Z,Tarjeta,92df3890-5409-45bb-9250-b79690a08e15
782,40,566.91,2025-11-18T21:09:30.199Z,Efectivo,68e512ad-4947-41ae-9417-a6652fbba1d4
783,22,748.55,2025-11-18T04:54:18.643Z,Tarjeta,c1887e51-1ec3-4c0d-8b63-8a0c57a0ea8c
784,835,774.59,2025-11-18T02:18:33.660Z,Efectivo,483b0141-0762-49a5-b611-8792a521ae62
785,616,777.32,2025-11-18T17:15:06.141Z,Transferencia,90f64511-c9a0-4e25-8b02-219b8dfb61aa
786,163,546.26,2025-11-18T22:54:03.186Z,Efectivo,6447692c-e995-45de-88d4-c459cff4abd9
787,199,448.99,2025-11-18T21:16:28.016Z,Tarjeta,9518f982-84a2-42aa-95c2-624679bcca15
788,269,73.85,2025-11-18T04:50:48.571Z,Transferencia,a5c5d939-bf93-4af2-9773-d1b430536803
789,116,449.26,2025-11-18T01:38:15.307Z,Tarjeta,6abad0eb-db19-4f5a-8ccc-906db0791046
790,226,985.84,2025-11-18T03:42:57.836Z,Transferencia,ad308225-ccd5-42a6-834c-2ce55f03bab0
791,533,386.77,2025-11-18T05:32:13.402Z,Transferencia,8be52a65-e5f0-4c16-8190-23df26e5dd50
792,641,412.89,2025-11-18T10:59:51.901Z,Efectivo,a1648450-8a82-4bf1-b4e6-9a1d0b440548
793,986,265.06,2025-11-18T05:37:57.731Z,Transferencia,340251e3-5289-415d-bd98-e56b289be6e0
794,969,21.24,2025-11-18T05:27:00.476Z,Tarjeta,df1c0812-7068-4775-ba09-ef9ab9656b47
795,581,923.16,2025-11-18T10:48:23.896Z,Tarjeta,31937f40-d25d-43a3-9aa1-709189196e93
796,171,339.18,2025-11-19T01:30:46.877Z,Tarjeta,3b1ebfa1-5ab4-42ba-a0f8-f9cd68c06e72
797,219,36.86,2025-11-18T10:21:17.024Z,Tarjeta,db5e9b83-a403-45c6-bedd-1077b35d74a9
798,708,656.22,2025-11-18T06:28:24.027Z,Tarjeta,0be29cfe-b030-4792-8896-3870a00e39a2
799,785,462.54,2025-11-19T01:27:19.270Z,Transferencia,f4687fe1-331b-4a0d-a503-ec12c257b314
800,665,564.53,2025-11-18T22:58:51.288Z,Efectivo,dd9f324c-2a6c-4c52-a642-d8961ba9e83e
801,807,229.75,2025-11-18T22:30:26.437Z,Efectivo,6fccaeb5-335f-44b1-82a3-0b51a7cf9e21
802,126,978.15,2025-11-18T23:24:59.636Z,Efectivo,b337e117-e422-4f5e-8f3c-f69573bb2492
803,384,677.92,2025-11-18T08:43:09.670Z,Transferencia,525eec54-da75-4505-9708-489e98c15598
804,214,619.94,2025-11-18T10:55:16.553Z,Tarjeta,88b986ec-3e1a-4b83-8576-7fe4b71ec8ff
805,585,596.39,2025-11-18T10:01:07.833Z,Efectivo,9a8dd266-2987-4877-a00d-0075dce73d19
806,525,363.44,2025-11-18T19:52:20.927Z,Efectivo,ab55ccc4-db90-4a6f-b95c-a8c9e2bf752e
807,588,854.56,2025-11-18T06:46:59.142Z,Efectivo,4cc74c3f-35c5-425d-98fc-21b8b40a0698
808,726,122.24,2025-11-18T17:12:34.939Z,Efectivo,bbd2b51f-a628-4d68-a7ae-0dc2a407ba5b
809,406,143.10,2025-11-18T01:55:37.388Z,Transferencia,5efa8448-ccce-47dd-843f-79ed4846435e
810,484,392.45,2025-11-18T20:17:19.949Z,Efectivo,d7ae2167-7a55-4cf2-82ac-dfd923f1cf0e
811,433,283.71,2025-11-18T19:16:34.899Z,Efectivo,23ebd136-11d3-40a1-97d8-19ed6cb676de
812,725,23.41,2025-11-19T00:02:10.422Z,Tarjeta,35b52430-aed4-4d62-8018-3b7e2e9de9a9
813,723,259.08,2025-11-18T22:59:39.189Z,Tarjeta,89f98831-d05f-4fe8-a498-6ba3c059d579
814,952,11.53,2025-11-18T04:48:32.603Z,Transferencia,41fdd903-88df-474d-b917-bc7a53320b1e
815,570,803.50,2025-11-19T00:56:47.038Z,Transferencia,08b9d374-425c-46f5-b949-dbe93f69c213
816,523,606.46,2025-11-18T16:00:47.303Z,Tarjeta,1ac35092-dc65-421a-a992-b49c3c7caedb
817,606,215.20,2025-11-18T14:27:33.505Z,Efectivo,f138417e-f55c-4722-9e6e-ea344b9f0cb3
818,353,360.55,2025-11-18T07:27:17.736Z,Tarjeta,ec423c43-19e1-4b16-b87c-8a40b6c61912
819,863,302.53,2025-11-18T19:11:25.163Z,Efectivo,4c1030cd-6241-45af-8bb4-bafd2e1cd39b
820,655,502.79,2025-11-18T17:23:13.561Z,Tarjeta,05bc36cb-8852-4fa1-a974-23815c770903
821,25,62.99,2025-11-18T07:06:20.550Z,Tarjeta,f354870e-afa4-4b29-a336-59a731c22fcf
822,14,857.28,2025-11-18T09:16:49.719Z,Tarjeta,5baa198f-98f1-455f-b2ea-3e178f7356d3
823,188,370.07,2025-11-18T02:59:22.703Z,Transferencia,712755f2-5808-4128-9da0-99da612d02f8
824,155,176.87,2025-11-18T02:16:36.663Z,Efectivo,2a78b49f-a83d-4ae3-9dc7-2cf70f24d34a
825,686,731.71,2025-11-18T03:10:27.403Z,Tarjeta,049bab93-9589-4a03-b1d2-02325425f365
826,203,157.28,2025-11-18T07:16:16.500Z,Efectivo,3a1d03f7-f6c9-4d97-924b-bcf53f039f2b
827,605,121.34,2025-11-18T09:31:17.326Z,Tarjeta,a31c3831-ef9b-470f-813f-a20e6b0bfd39
828,79,361.28,2025-11-18T09:21:07.343Z,Transferencia,6cc29e20-eebb-4a9c-b4ad-87c464c36536
829,14,673.37,2025-11-18T09:07:28.379Z,Transferencia,270390e8-478c-4faf-9e40-e1d17f8b3c37
830,165,72.87,2025-11-18T18:32:46.496Z,Efectivo,12080f6e-6036-470b-8a2b-7c0ea8677332
831,834,712.37,2025-11-18T04:36:21.872Z,Transferencia,96dff45d-8a50-4829-b819-a5159ac7f3ee
832,197,57.93,2025-11-18T12:41:48.863Z,Efectivo,d45358d2-53f0-4ddb-a29e-0c0f3e722f47
833,682,360.15,2025-11-18T11:57:31.506Z,Tarjeta,882aee31-02a5-475a-8908-fb4c0fa157f9
834,730,66.97,2025-11-18T07:14:58.609Z,Transferencia,01fe7950-d82c-4de0-b5c9-6fc02a72e8c1
835,994,619.24,2025-11-18T10:11:51.510Z,Transferencia,ed2ec6c8-41b0-4c8a-ac46-b2db78b19071
836,873,580.16,2025-11-18T07:38:28.853Z,Tarjeta,31ed1ad1-7044-4924-b71d-dac43ace2539
837,9,785.71,2025-11-18T04:58:56.788Z,Tarjeta,b7c2de66-d03d-4842-84ee-305ace763ebc
838,676,262.07,2025-11-18T19:05:36.103Z,Transferencia,0ea97207-6ae6-4cac-80de-4ce39884b3cc
839,529,290.38,2025-11-18T21:32:36.532Z,Transferencia,966346c7-8f37-4ddd-a9e4-1f495551cd4a
840,434,4.06,2025-11-18T17:22:02.665Z,Tarjeta,7f35e019-65b0-4f83-85bb-5188c48e7a44
841,200,194.52,2025-11-18T06:10:03.922Z,Efectivo,4fae2bd5-8e84-40a1-a008-ef8ebb0e3e0e
842,640,424.36,2025-11-18T12:43:07.542Z,Efectivo,e234b1bb-6da5-44b4-828c-668ebb6cf8f2
843,488,417.43,2025-11-18T04:15:36.293Z,Efectivo,ac39a4e5-c1bf-4a89-b4d5-d2e05f2add09
844,910,843.72,2025-11-18T03:16:15.153Z,Transferencia,27e9445d-7e4e-4149-bb24-4c4c81e4d10b
845,487,21.22,2025-11-18T22:25:21.909Z,Efectivo,85391bed-0530-453d-8a46-e93e10b474a6
846,574,550.01,2025-11-18T22:38:06.149Z,Efectivo,025f899c-bb77-4a5d-b5d7-55f2f7452e8f
847,834,233.97,2025-11-18T20:31:50.544Z,Transferencia,68f3eb80-94d9-4e05-bcdf-3fbaf978fb84
848,182,245.62,2025-11-18T16:29:48.386Z,Tarjeta,2387ab4c-18a1-4c1f-89ba-64b5432ab440
849,218,822.29,2025-11-18T04:45:20.070Z,Transferencia,5ab1204f-e9ee-4b54-b12d-f7c0d59fa926
850,363,864.33,2025-11-19T01:04:06.431Z,Tarjeta,52e823af-2337-402c-bb3e-a399c5ab7ec0
851,977,260.97,2025-11-18T10:20:45.191Z,Tarjeta,7876d489-0df6-435b-a7b0-bce68f7ea349
852,559,543.60,2025-11-18T09:44:37.919Z,Efectivo,33f48aea-301e-4bbc-90b1-9d629ae348eb
853,687,624.91,2025-11-18T19:41:30.025Z,Tarjeta,e9213148-7b66-4644-b6d3-0a2776f1486c
854,939,360.74,2025-11-18T15:39:24.165Z,Efectivo,18ee3e45-c603-44d3-ba21-1a4e7b591759
855,550,137.81,2025-11-18T11:22:02.783Z,Efectivo,d09a2fe1-8b66-49b0-a4fc-a1ea500e058c
856,296,792.98,2025-11-18T11:42:18.961Z,Efectivo,55295e3b-c223-4875-ad18-95687cd6689a
857,948,394.55,2025-11-18T22:12:41.384Z,Transferencia,636fabc9-dc84-461e-8eda-e14fe076e89a
858,958,706.53,2025-11-18T12:32:08.151Z,Efectivo,df39804e-71e5-4373-89e4-ee3fe223ee0a
859,430,406.50,2025-11-18T19:42:04.896Z,Efectivo,c48889e4-43a1-40f1-a6eb-0414c316768b
860,299,901.22,2025-11-18T13:24:05.864Z,Tarjeta,e54dd174-ce75-4b55-8059-baeb8987c1e3
861,938,404.22,2025-11-18T05:06:04.736Z,Efectivo,9240c71d-e1b2-4039-81e6-dd78d0770c12
862,688,883.40,2025-11-18T06:06:53.879Z,Tarjeta,9b1c99f9-30b0-4982-92fb-b04328eb1d35
863,573,225.48,2025-11-18T19:37:29.745Z,Transferencia,77e222aa-d4e2-44ee-8a97-d7d1b86fa573
864,62,220.83,2025-11-18T16:23:01.035Z,Transferencia,79ba4863-419a-4f51-8cb6-37a1e79a4b26
865,975,920.84,2025-11-18T15:10:05.057Z,Transferencia,e63e3866-22d2-49b0-a85d-1fc8df888803
866,862,468.81,2025-11-18T20:52:26.310Z,Efectivo,8fac6b04-53e2-4e48-9aa4-8779f22a4fe5
867,152,263.17,2025-11-18T06:28:24.409Z,Efectivo,5ac7d1f8-9e78-47ab-9eee-6d57cdd932e4
868,14,177.15,2025-11-18T09:56:06.384Z,Tarjeta,33df3369-d3ce-4f1a-816f-5057dccd8509
869,490,147.44,2025-11-18T13:12:04.223Z,Efectivo,af9cd023-65d0-4a8f-b4eb-f81d43be7e8c
870,578,486.21,2025-11-18T08:14:54.363Z,Tarjeta,f05477c9-5d3f-4ada-bf71-98cf42df9cef
871,126,874.00,2025-11-18T10:08:02.451Z,Efectivo,f78e8932-2a4d-4c7a-ade5-4f906c0db0f3
872,913,138.10,2025-11-18T03:56:33.578Z,Tarjeta,2885944f-85ce-491f-a107-499d29aeab5a
873,109,752.54,2025-11-18T18:45:52.516Z,Transferencia,019a0c68-5aa5-4454-937b-61b70449c574
874,867,525.82,2025-11-18T11:15:09.447Z,Tarjeta,8dc1ccc0-0b74-4062-a794-063188f356b7
875,989,916.04,2025-11-18T22:45:37.727Z,Tarjeta,b1e1edf8-c9e3-406f-86f0-0cd12a3973c2
876,421,703.34,2025-11-18T11:54:59.559Z,Efectivo,07d0f808-a20b-4906-ae8d-a99ca22ed034
877,176,217.96,2025-11-18T13:10:39.909Z,Transferencia,1f10956e-c356-4c21-a36a-ab0de38de5cb
878,301,832.58,2025-11-18T18:03:40.413Z,Efectivo,21f1405e-a9af-4caf-aef5-8786aa3f6170
879,706,477.11,2025-11-18T09:06:59.627Z,Transferencia,6fcb3218-c7a8-41c3-9bf1-2cd59281221d
880,43,342.61,2025-11-18T07:44:08.543Z,Efectivo,62e417e9-7e1c-4e67-bf0f-b42b315550c6
881,130,227.70,2025-11-18T18:17:19.372Z,Tarjeta,c35b8813-1341-4977-a687-a4d6c3a0c38e
882,213,725.27,2025-11-18T13:24:33.973Z,Transferencia,f0b1472b-7c22-4c4d-ae71-1024a5d110c1
883,270,607.38,2025-11-18T02:53:03.540Z,Transferencia,1dd3d304-6e92-4080-a17f-5d701a675baa
884,718,149.16,2025-11-19T01:34:30.482Z,Tarjeta,91832a54-a0da-40de-8637-cb784887d269
885,503,135.36,2025-11-18T12:05:45.431Z,Tarjeta,819306e7-35e8-4c37-9c44-7612aceb320a
886,970,88.52,2025-11-18T20:28:02.133Z,Efectivo,1d4fe368-3e40-4205-8449-d37d2499a6ed
887,552,114.11,2025-11-18T05:09:37.767Z,Tarjeta,63d5c07a-5501-461c-a18a-8dab3e30a366
888,332,167.48,2025-11-18T02:32:30.162Z,Tarjeta,3f53ddda-5261-4aaa-91e0-f5668b050ead
889,147,23.01,2025-11-18T03:59:14.835Z,Tarjeta,06a7f69e-ec61-4d0e-922f-d34d03a6a73b
890,958,696.00,2025-11-18T04:33:37.712Z,Tarjeta,d4d073ee-d914-4926-afd4-6a92922c3ed2
891,231,465.69,2025-11-18T09:04:26.044Z,Transferencia,71ed3156-9e79-4094-abdb-3d638fcff5f4
892,139,633.85,2025-11-18T15:10:43.518Z,Efectivo,279c83e0-9b48-4b6f-9908-7c81a83e6978
893,330,453.15,2025-11-18T19:22:46.989Z,Transferencia,abf078e1-d410-4d25-8187-09fe21fdc3bb
894,203,642.01,2025-11-18T15:29:00.051Z,Transferencia,03f53dc8-0092-4452-9979-520e42e19f67
895,793,66.96,2025-11-18T14:39:48.445Z,Transferencia,1b68ce55-70e2-4c7f-9bc3-336ce4094e45
896,914,946.14,2025-11-18T23:50:06.076Z,Transferencia,f7b70aca-90be-4788-92be-df0ef3c5b6c9
897,249,128.54,2025-11-19T00:18:09.085Z,Efectivo,81c297e1-8bb7-4f54-a46a-cf765d5ca5fe
898,804,890.36,2025-11-18T02:09:53.802Z,Tarjeta,8e3a063c-48ff-479e-8060-2e68f90eddbc
899,380,688.96,2025-11-18T15:27:21.579Z,Efectivo,06417bf2-8e4e-4bcc-bb49-1ae3f7fad0fe
900,629,128.64,2025-11-18T05:10:41.440Z,Efectivo,ea9c4d85-bf01-40b1-9e66-275aa15a38c0
901,613,742.93,2025-11-18T17:15:35.906Z,Tarjeta,f49c71bd-ce54-43d9-9b3d-aa29740513fb
902,322,640.77,2025-11-19T00:40:02.370Z,Efectivo,a5418692-8f68-4d94-af67-7fd04652c699
903,190,647.26,2025-11-18T15:27:24.109Z,Efectivo,cd868a45-478c-437f-8708-4533df9cea34
904,196,119.74,2025-11-18T16:33:42.528Z,Transferencia,671e4d0d-2098-4c1e-892b-1a51bb8961c1
905,90,848.11,2025-11-18T10:31:49.505Z,Tarjeta,1a5bea0d-b9c5-4c91-a0c6-3ddfd7178798
906,560,7.31,2025-11-18T23:38:45.624Z,Efectivo,19af14e8-12e5-4f79-9de0-fd00e18fce47
907,459,799.01,2025-11-18T23:44:40.406Z,Transferencia,00775c43-45c6-41c9-8a08-b3c8075d3a70
908,133,471.32,2025-11-18T11:40:28.348Z,Transferencia,18407574-de8d-4b06-baff-87f4eda87850
909,979,530.30,2025-11-18T14:20:14.601Z,Efectivo,c40ed952-884d-4902-8892-d34330c7ba48
910,83,615.90,2025-11-18T04:41:09.628Z,Efectivo,c759a4cc-1b7c-43ba-9f6f-7d6ab5bbd1b7
911,86,890.75,2025-11-18T17:01:27.184Z,Efectivo,989fc8a2-55e6-41f2-8475-7be84bcd3341
912,266,20.61,2025-11-18T14:28:12.458Z,Transferencia,b76a393c-e113-4f5b-af4b-9609bb28d145
913,340,962.99,2025-11-18T08:17:36.831Z,Tarjeta,0b844d58-9074-4f01-b9ed-d165f3134f9a
914,763,437.73,2025-11-18T18:56:00.453Z,Transferencia,94af3b4e-698e-4a16-8c65-796cd2f050ba
915,262,589.00,2025-11-18T06:20:30.346Z,Transferencia,0d77b187-fb78-4572-877d-99d3e074e8f0
916,622,896.49,2025-11-18T21:36:20.644Z,Efectivo,b816163d-ace9-4ae5-babd-c3d5dc4efd1a
917,800,584.10,2025-11-18T08:35:59.792Z,Tarjeta,1ff6bfa8-8697-414c-b8ee-ebeaf8eb917d
918,475,715.35,2025-11-18T07:46:44.604Z,Transferencia,0c54ff90-de2a-4594-8d51-31ecfd46d590
919,199,522.15,2025-11-18T01:48:59.112Z,Efectivo,13fd1ba1-ee12-4bd4-8164-29c0ca2863d0
920,78,659.88,2025-11-18T22:26:21.529Z,Efectivo,f330b43f-ae33-4918-a09e-3e98dbaa2fb2
921,430,851.81,2025-11-18T15:26:24.162Z,Efectivo,b57b793b-2f57-4a53-9f9c-49f09326945e
922,525,866.83,2025-11-19T01:07:19.293Z,Efectivo,21c58578-9c15-40c4-8fd0-2aea7a1e1f20
923,979,761.76,2025-11-18T21:12:01.586Z,Transferencia,b74aa854-9229-471f-bddd-74be5349f8d1
924,366,901.68,2025-11-18T14:31:30.316Z,Efectivo,623f450b-e1d0-4c02-910a-aaedca133dff
925,573,638.20,2025-11-18T17:17:41.379Z,Tarjeta,8512ede1-3740-403f-9868-b6555c1f1ce2
926,330,291.42,2025-11-19T00:28:02.250Z,Efectivo,0b912928-7a47-4d3d-ae95-a3084272b08e
927,586,104.19,2025-11-18T17:49:17.009Z,Efectivo,02212a3f-721d-4fe3-8fd1-48e76ad540b6
928,119,82.59,2025-11-18T09:07:42.628Z,Efectivo,d413a87b-64f4-4a10-98a5-bba734566615
929,791,391.11,2025-11-18T22:23:06.255Z,Transferencia,0f152029-141c-42d8-9f03-6b1805f62bc2
930,297,380.51,2025-11-18T17:50:31.392Z,Efectivo,4325c8dd-e685-4fce-8cd9-3febde2cc769
931,168,715.23,2025-11-19T00:17:38.535Z,Transferencia,da1c2542-1e94-43aa-903a-f980b82b5759
932,395,34.67,2025-11-18T09:02:23.322Z,Tarjeta,277c8764-51a0-4ab0-89cd-40761e9d826a
933,8,462.16,2025-11-18T21:07:19.418Z,Tarjeta,ef9d14a5-e990-4c60-bd47-948df22ac1b8
934,318,527.17,2025-11-18T03:29:56.959Z,Tarjeta,590ab61d-07a2-4f4f-8992-08791d8f139c
935,960,247.64,2025-11-18T15:37:25.153Z,Tarjeta,8405d433-ebff-482f-8ba6-e30a2ae85a00
936,381,525.11,2025-11-18T10:45:34.966Z,Efectivo,3ac86d37-2090-4a20-a1f9-398bc442ac18
937,316,954.50,2025-11-18T21:45:38.631Z,Transferencia,50a98ebd-d6ae-4d1e-b7fa-c43ebafde9a9
938,754,623.85,2025-11-18T11:03:01.052Z,Tarjeta,7285a279-cc33-47c6-a7b2-dce7ba1747a1
939,473,273.72,2025-11-18T18:01:31.081Z,Efectivo,e444f19c-d859-427e-b63b-22b5b99858b9
940,164,40.78,2025-11-18T14:16:38.324Z,Efectivo,2813beed-f7f6-41b0-8932-ed89730dcc74
941,456,846.79,2025-11-18T08:07:17.939Z,Tarjeta,bdc28083-5903-4017-bdfa-64e28351e846
942,513,792.49,2025-11-18T20:36:00.269Z,Tarjeta,785c078c-6c53-4e99-8a94-0ec5300349ac
943,206,137.64,2025-11-18T07:23:21.464Z,Efectivo,7edb8bef-8447-4088-a00c-a785d09a14b8
944,247,673.14,2025-11-18T11:34:23.951Z,Tarjeta,0640b9ac-814a-400d-933a-7d4417f38509
945,381,159.73,2025-11-18T18:47:22.411Z,Efectivo,b5ce8387-c97a-4a81-89c4-37f3700b680d
946,648,541.00,2025-11-18T15:04:05.898Z,Tarjeta,20c583e9-9c28-430b-aee9-54a201b9eef6
947,306,914.03,2025-11-18T11:31:01.998Z,Tarjeta,98f29af4-8100-4468-8532-f67819628a56
948,356,408.32,2025-11-18T13:44:09.448Z,Transferencia,63bf5e82-c8e1-40f0-a335-a430cfb35457
949,504,628.98,2025-11-18T08:49:32.611Z,Tarjeta,e2d92d73-8bb1-483e-bcaf-f2d955927b8c
950,701,999.90,2025-11-18T10:22:29.456Z,Transferencia,9010eca7-13d7-410a-934e-3558919dff7d
951,190,872.45,2025-11-18T06:42:18.115Z,Transferencia,6c06e491-0c5a-43d4-93b6-0716b0b8119e
952,799,505.08,2025-11-18T15:47:01.481Z,Transferencia,86ea4569-9c89-4e6c-9e97-5dcf1b26da20
953,711,652.58,2025-11-18T03:37:36.014Z,Transferencia,fc416340-7e56-43d4-8a5f-a2ee94fd75a9
954,63,479.40,2025-11-18T05:44:00.888Z,Tarjeta,bb8f29d1-8f5e-4dfc-b8dc-64bc271c83b9
955,188,846.41,2025-11-18T04:33:24.570Z,Tarjeta,a830d03a-774b-4cf8-8d69-8671c2ccb6ff
956,180,952.04,2025-11-18T12:35:27.684Z,Tarjeta,be50b72c-edab-41a8-af22-3a88475df805
957,383,452.17,2025-11-18T15:16:09.563Z,Tarjeta,7dd2896e-38ed-431d-82e0-2f269fbcf348
958,120,517.57,2025-11-18T09:11:41.186Z,Transferencia,21893b5e-83cc-4e46-a36a-a6a1ea8e6b5a
959,422,879.72,2025-11-18T10:13:45.502Z,Tarjeta,9df52b13-d7e7-4310-89c7-16735ef8069f
960,411,797.81,2025-11-18T02:58:06.838Z,Efectivo,8d06caee-962f-4b5f-b927-196f70f9c232
961,832,10.56,2025-11-18T06:04:14.303Z,Tarjeta,fc1b6b8e-6c31-49e1-af2a-4143887b1b5c
962,292,717.90,2025-11-18T22:52:18.249Z,Efectivo,9f2a76c6-e4a8-4f19-877e-6d8e53a1f6a9
963,338,233.60,2025-11-18T21:34:41.751Z,Efectivo,87dafc59-7543-4770-88a0-aa78e05673fe
964,150,983.29,2025-11-18T13:54:58.061Z,Tarjeta,e9778e25-3e71-42d0-8d18-9d9d3ea4ffba
965,446,447.53,2025-11-18T12:16:12.093Z,Efectivo,bf334e3b-7f1e-4e8c-a59d-1988fc7d4214
966,41,861.52,2025-11-18T12:59:49.722Z,Transferencia,dfe912e7-fda4-469c-be48-eff3f6fe17eb
967,281,887.22,2025-11-18T09:08:58.046Z,Transferencia,4d55c020-16bc-438d-a9d5-dea3ffa55e10
968,703,324.23,2025-11-18T03:57:57.843Z,Tarjeta,7a2da7ec-d749-44b6-9ffc-9ecad562f8e6
969,470,194.38,2025-11-18T02:03:03.530Z,Tarjeta,35ab4340-17f2-470b-b4f4-e7615c36c3c3
970,191,732.57,2025-11-18T01:44:36.478Z,Efectivo,410992ee-dc45-494e-a865-f97ed15778b4
971,845,254.72,2025-11-18T07:56:07.455Z,Tarjeta,96afb0fe-9042-4f24-aff3-adb0a1f3c36e
972,274,323.45,2025-11-19T01:15:47.129Z,Efectivo,93ec67c0-d35e-4cc9-8632-cf48ee11c9c7
973,204,956.28,2025-11-18T16:25:29.524Z,Transferencia,ac1495dd-b4a3-472a-a89d-dd09d0bff29e
974,384,431.94,2025-11-18T12:06:32.691Z,Efectivo,1cca8bff-2710-4fd8-8bf5-07cf70357c52
975,262,169.34,2025-11-18T12:28:39.789Z,Efectivo,a205a875-f71f-46c8-bd0d-2a2c5adcdba3
976,307,557.30,2025-11-18T14:57:27.481Z,Transferencia,478f145f-aba1-4a48-a3dd-f86a6ed7202d
977,759,755.52,2025-11-18T03:33:20.070Z,Tarjeta,a6405674-e002-499b-a369-3fdcbe427525
978,195,914.63,2025-11-18T13:13:39.817Z,Transferencia,69e18bc5-fd85-44cd-931a-861d1761ddcb
979,413,124.27,2025-11-18T18:51:07.011Z,Transferencia,9fcd4d58-ae92-4bd2-9a7c-b0d03c88a0db
980,496,369.21,2025-11-18T04:35:02.106Z,Transferencia,95592b09-a789-4d8a-b491-76c638cab798
981,137,386.70,2025-11-18T15:16:03.734Z,Tarjeta,0c495b75-d4c0-40f4-8be8-3faee8409a2c
982,885,624.35,2025-11-18T14:34:10.198Z,Transferencia,e411ac3a-9754-4f69-9717-321ed089c950
983,954,589.19,2025-11-18T06:25:15.313Z,Efectivo,22891687-372b-4373-bb84-4282b68ff3e4
984,829,395.42,2025-11-18T07:59:20.816Z,Transferencia,959c7aec-feac-4ba6-b287-0b809d081cba
985,563,736.68,2025-11-18T05:10:33.095Z,Transferencia,f0253a84-ae7c-4599-9269-bbfbbc670f45
986,889,912.60,2025-11-18T04:54:05.299Z,Tarjeta,473595d3-d1cb-400a-8f76-4725ed9c2a33
987,394,404.33,2025-11-18T22:14:07.012Z,Tarjeta,5d63b2d1-56d6-4470-8913-134b76e5ccd2
988,287,921.89,2025-11-18T04:29:39.339Z,Efectivo,848c1979-ae15-4432-9521-e510b9641546
989,900,491.57,2025-11-18T22:52:48.345Z,Transferencia,904bc99b-aef7-4948-9eef-58a67772be2f
990,154,66.26,2025-11-18T20:51:23.888Z,Efectivo,f6dc56cc-4756-4110-8e54-769aca0d39ec
991,420,754.48,2025-11-18T07:48:50.817Z,Tarjeta,f90d33a8-64d1-4249-9850-08298b93ece3
992,892,238.33,2025-11-18T19:41:33.807Z,Transferencia,45991338-d8bb-4514-a4db-6da88d1c9a1e
993,233,920.53,2025-11-18T10:11:40.986Z,Tarjeta,8425a9a0-100d-4541-9e21-64116a36630c
994,509,790.83,2025-11-18T05:21:57.830Z,Efectivo,33a5027f-872a-407d-972b-68f91a9350f0
995,666,326.33,2025-11-18T17:09:33.930Z,Tarjeta,da6a3836-9b0b-4941-92a7-7a950348f152
996,429,160.70,2025-11-18T22:00:43.717Z,Efectivo,8178c43a-a6fa-4cdd-b216-a81dd44413ed
997,982,240.87,2025-11-18T03:39:06.575Z,Efectivo,84de3e17-0f01-48fc-a60f-ae3d8c901f60
998,502,488.40,2025-11-18T20:44:56.463Z,Tarjeta,ae8282eb-b25c-4811-9cda-d9efde2a12a3
999,475,112.76,2025-11-19T01:32:53.200Z,Efectivo,d765a837-806d-42ec-9463-bcc10a5ac136
1000,468,884.57,2025-11-18T05:34:59.944Z,Transferencia,cf3d9d8a-d9bf-445e-a6d0-3196d7edbbac
